DROP TABLE IF EXISTS `howtos`;

CREATE TABLE `howtos` (
  `id` bigint(20) unsigned NOT NULL AUTO_INCREMENT,
  `name` varchar(255) COLLATE utf8mb4_unicode_ci NOT NULL,
  `created_at` timestamp NULL DEFAULT NULL,
  `updated_at` timestamp NULL DEFAULT NULL,
  PRIMARY KEY (`id`)
) ENGINE=InnoDB AUTO_INCREMENT=5 DEFAULT CHARSET=utf8mb4 COLLATE=utf8mb4_unicode_ci;
INSERT INTO `howtos` VALUES (1,'圧力鍋','2021-11-01 20:26:42','2021-11-10 18:17:30'),(2,'オーブン','2021-11-01 20:26:42','2021-11-01 20:26:42'),(3,'レンジ','2021-11-01 20:26:42','2021-11-01 20:26:42'),(4,'蒸し器','2021-11-10 18:17:59','2021-11-10 18:18:15');

DROP TABLE IF EXISTS `material_categories`;
CREATE TABLE `material_categories` (
  `id` bigint(20) unsigned NOT NULL AUTO_INCREMENT,
  `name` varchar(255) COLLATE utf8mb4_unicode_ci NOT NULL,
  `created_at` timestamp NULL DEFAULT NULL,
  `updated_at` timestamp NULL DEFAULT NULL,
  PRIMARY KEY (`id`)
) ENGINE=InnoDB AUTO_INCREMENT=14 DEFAULT CHARSET=utf8mb4 COLLATE=utf8mb4_unicode_ci;

INSERT INTO `material_categories` VALUES (1,'豆類','2021-11-03 02:04:59','2021-11-03 02:04:59'),(2,'穀類','2021-11-03 02:04:59','2021-11-03 02:04:59'),(3,'野菜','2021-11-03 02:04:59','2021-11-03 02:04:59'),(4,'果実・香辛料類','2021-11-03 02:04:59','2021-11-03 02:04:59'),(5,'きのこ・海藻','2021-11-03 02:04:59','2021-11-03 02:04:59'),(6,'魚','2021-11-03 02:04:59','2021-11-03 02:04:59'),(7,'肉','2021-11-03 02:04:59','2021-11-03 02:04:59'),(8,'嗜好品','2021-11-03 02:04:59','2021-11-03 02:04:59'),(9,'甘味類','2021-11-03 02:04:59','2021-11-03 02:04:59'),(10,'乾物','2021-11-03 02:04:59','2021-11-03 02:04:59'),(11,'油脂・調味料','2021-11-03 02:04:59','2021-11-03 02:04:59'),(12,'乳類','2021-11-03 02:04:59','2021-11-03 02:04:59'),(13,'卵類・たんぱく質','2021-11-03 02:04:59','2021-11-03 02:04:59');
/*!40000 ALTER TABLE `material_categories` ENABLE KEYS */;
UNLOCK TABLES;

--
-- Table structure for table `materials`
--

DROP TABLE IF EXISTS `materials`;
/*!40101 SET @saved_cs_client     = @@character_set_client */;
/*!40101 SET character_set_client = utf8 */;
CREATE TABLE `materials` (
  `id` bigint(20) unsigned NOT NULL AUTO_INCREMENT,
  `name` varchar(255) COLLATE utf8mb4_unicode_ci NOT NULL,
  `name2` varchar(255) COLLATE utf8mb4_unicode_ci DEFAULT NULL,
  `name3` varchar(255) COLLATE utf8mb4_unicode_ci DEFAULT NULL,
  `material_category_id` bigint(20) NOT NULL,
  `memo` varchar(255) COLLATE utf8mb4_unicode_ci DEFAULT NULL,
  `created_at` timestamp NULL DEFAULT NULL,
  `updated_at` timestamp NULL DEFAULT NULL,
  PRIMARY KEY (`id`)
) ENGINE=InnoDB AUTO_INCREMENT=297 DEFAULT CHARSET=utf8mb4 COLLATE=utf8mb4_unicode_ci;
/*!40101 SET character_set_client = @saved_cs_client */;

--
-- Dumping data for table `materials`
--

LOCK TABLES `materials` WRITE;
/*!40000 ALTER TABLE `materials` DISABLE KEYS */;
INSERT INTO `materials` VALUES (1,'枝豆','えだまめ','',1,'','2021-10-21 04:39:18','2021-10-21 04:39:18'),(2,'みそ','味噌','',1,'','2021-10-21 04:39:18','2021-10-21 04:39:18'),(3,'調製豆乳','','',1,'','2021-10-21 04:39:18','2021-10-21 04:39:18'),(4,'無調製豆乳','','',1,'','2021-10-21 04:39:18','2021-10-21 04:39:18'),(5,'ごま','ゴマ',NULL,1,'','2021-10-21 04:39:18','2021-11-20 19:23:48'),(6,'小豆','','',1,'','2021-10-21 04:39:18','2021-10-21 04:39:18'),(7,'煮小豆','','',1,'','2021-10-21 04:39:18','2021-10-21 04:39:18'),(8,'豆腐','','',1,'','2021-10-21 04:39:18','2021-10-21 04:39:18'),(9,'黒豆','','',1,'','2021-10-21 04:39:18','2021-10-21 04:39:18'),(10,'米','ごはん','',2,'','2021-10-21 04:39:18','2021-10-21 04:39:18'),(11,'強力粉','','',2,'','2021-10-21 05:50:05','2021-10-21 05:50:05'),(12,'薄力粉','','',2,'','2021-10-21 05:50:05','2021-10-21 05:50:05'),(13,'てんぷら粉','','',2,'','2021-10-21 05:50:05','2021-10-21 05:50:05'),(14,'米(無洗米)','','',2,'','2021-10-21 05:50:05','2021-10-21 05:50:05'),(15,'雑穀','','',2,'','2021-10-21 05:50:05','2021-10-21 05:50:05'),(16,'コーン','','',2,'','2021-10-21 05:50:05','2021-10-21 05:50:05'),(17,'パン粉','','',2,'','2021-10-21 05:50:05','2021-10-21 05:50:05'),(18,'さつま芋','','',2,'','2021-10-21 05:50:05','2021-10-21 05:50:05'),(19,'米粉','','',2,'','2021-10-21 05:50:05','2021-10-21 05:50:05'),(20,'春巻きの皮','','',2,'','2021-10-21 05:50:05','2021-10-21 05:50:05'),(21,'スパゲッティ','パスタ','',2,'','2021-10-21 05:50:05','2021-10-21 05:50:05'),(22,'じゃがいも','ポテト','',2,'','2021-10-21 05:50:05','2021-10-21 05:50:05'),(23,'フランスパン','','',2,'','2021-10-21 05:50:05','2021-10-21 05:50:05'),(24,'ラザニア','','',2,'','2021-10-21 05:50:05','2021-10-21 05:50:05'),(25,'コーン（クリーム）','','',2,'','2021-10-21 05:50:05','2021-10-21 05:50:05'),(26,'コーン(粒)','','',2,'','2021-10-21 05:50:05','2021-10-21 05:50:05'),(27,'餃子の皮','','',2,'','2021-10-21 05:50:05','2021-10-21 05:50:05'),(28,'中華麺(生・太麺)','','',2,'','2021-10-21 05:50:05','2021-10-21 05:50:05'),(29,'角もち','','',2,'','2021-10-21 05:50:05','2021-10-21 05:50:05'),(30,'冷凍パイシート','','',2,'','2021-10-21 05:50:05','2021-10-21 05:50:05'),(31,'わらびもち粉','','',2,'','2021-10-21 05:50:05','2021-10-21 05:50:05'),(32,'白ねぎ','ネギ','',3,'','2021-10-21 05:50:05','2021-10-21 05:50:05'),(33,'水菜','','',3,'','2021-10-21 05:50:05','2021-10-21 05:50:05'),(34,'きゅうり','','',3,'','2021-10-21 05:50:05','2021-10-21 05:50:05'),(35,'玉ねぎ','','',3,'','2021-10-21 05:50:05','2021-10-21 05:50:05'),(36,'紫玉ねぎ','','',3,'','2021-10-21 05:50:05','2021-10-21 05:50:05'),(37,'セロリ','','',3,'','2021-10-21 05:50:05','2021-10-21 05:50:05'),(38,'赤パプリカ','','',3,'','2021-10-21 05:50:05','2021-10-21 05:50:05'),(39,'グリーンリーフ','','',3,'','2021-10-21 05:50:05','2021-10-21 05:50:05'),(40,'小松菜','','',3,'','2021-10-21 05:50:05','2021-10-21 05:50:05'),(41,'ほうれん草','','',3,'','2021-10-21 05:50:05','2021-10-21 05:50:05'),(42,'トマト','','',3,'','2021-10-21 05:50:05','2021-10-21 05:50:05'),(43,'ゴーヤ','','',3,'','2021-10-21 05:50:05','2021-10-21 05:50:05'),(44,'ズッキーニ','','',3,'','2021-10-21 05:50:05','2021-10-21 05:50:05'),(45,'大根','','',3,'','2021-10-21 05:50:05','2021-10-21 05:50:05'),(46,'青じそ','','',3,'','2021-10-21 05:50:05','2021-10-21 05:50:05'),(47,'紅芯大根','','',3,'','2021-10-21 05:50:05','2021-10-21 05:50:05'),(48,'わけぎ','','',3,'','2021-10-21 05:50:05','2021-10-21 05:50:05'),(49,'ルッコラ','','',3,'','2021-10-21 05:50:05','2021-10-21 05:50:05'),(50,'プチトマト','','',3,'','2021-10-21 05:50:05','2021-10-21 05:50:05'),(51,'人参','にんじん','',3,'','2021-10-21 05:50:05','2021-10-21 05:50:05'),(52,'キムチ(白菜)','','',3,'','2021-10-21 05:50:05','2021-10-21 05:50:05'),(53,'トレビス','','',3,'','2021-10-21 05:50:05','2021-10-21 05:50:05'),(54,'青ねぎ','ネギ','',3,'','2021-10-21 05:50:05','2021-10-21 05:50:05'),(55,'キャベツ','','',3,'','2021-10-21 05:50:05','2021-10-21 05:50:05'),(56,'ごぼう','','',3,'','2021-10-21 05:50:05','2021-10-21 05:50:05'),(57,'春菊','','',3,'','2021-10-21 05:50:05','2021-10-21 05:50:05'),(58,'たくわん','','',3,'','2021-10-21 05:50:05','2021-10-21 05:50:05'),(59,'かぶ','カブ','',3,'','2021-10-21 05:50:05','2021-10-21 05:50:05'),(60,'紫キャベツ','','',3,'','2021-10-21 05:50:05','2021-10-21 05:50:05'),(61,'かぼちゃ','カボチャ','南瓜',3,'','2021-10-21 05:50:05','2021-10-21 05:50:05'),(62,'れんこん','','',3,'','2021-10-21 05:50:05','2021-10-21 05:50:05'),(63,'ピーマン','','',3,'','2021-10-21 05:50:05','2021-10-21 05:50:05'),(64,'菜の花','','',3,'','2021-10-21 05:50:05','2021-10-21 05:50:05'),(65,'スナップえんどう','','',3,'','2021-10-21 05:50:05','2021-10-21 05:50:05'),(66,'ニラ','にら','',3,'','2021-10-21 05:50:05','2021-10-21 05:50:05'),(67,'なす','ナス','',3,'','2021-10-21 05:50:05','2021-10-21 05:50:05'),(68,'オクラ','おくら','',3,'','2021-10-21 05:50:05','2021-10-21 05:50:05'),(69,'みょうが','茗荷','ミョウガ',3,'','2021-10-21 05:50:05','2021-10-21 05:50:05'),(70,'黄パプリカ','','',3,'','2021-10-21 05:50:05','2021-10-21 05:50:05'),(71,'みつ葉','','',3,'','2021-10-21 05:50:05','2021-10-21 05:50:05'),(72,'ブロッコリー','','',3,'','2021-10-21 05:50:05','2021-10-21 05:50:05'),(73,'しし唐辛子','','',3,'','2021-10-21 05:50:05','2021-10-21 05:50:05'),(74,'長芋','','',3,'','2021-10-21 05:50:05','2021-10-21 05:50:05'),(75,'グリーンアスパラガス','','',3,'','2021-10-21 05:50:05','2021-10-21 05:50:05'),(76,'筍(水煮)','たけのこ','',3,'','2021-10-21 05:50:05','2021-10-21 05:50:05'),(77,'ライム','','',4,'','2021-10-21 05:50:05','2021-10-21 05:50:05'),(78,'ぶどう','','',4,'','2021-10-21 05:50:05','2021-10-21 05:50:05'),(79,'りんご','','',4,'','2021-10-21 05:50:05','2021-10-21 05:50:05'),(80,'レモン','','',4,'','2021-10-21 05:50:05','2021-10-21 05:50:05'),(81,'エルダーフラワーコーディアル','','',4,'','2021-10-21 05:50:05','2021-10-21 05:50:05'),(82,'ミントの葉','','',4,'','2021-10-21 05:50:05','2021-10-21 05:50:05'),(83,'セルフィーユ','','',4,'','2021-10-21 05:50:05','2021-10-21 05:50:05'),(84,'バジル','','',4,'','2021-10-21 05:50:05','2021-10-21 05:50:05'),(85,'アボガド','','',4,'','2021-10-21 05:50:05','2021-10-21 05:50:05'),(86,'キウイフルーツ','','',4,'','2021-10-21 05:50:05','2021-10-21 05:50:05'),(87,'バナナ','','',4,'','2021-10-21 05:50:05','2021-10-21 05:50:05'),(88,'いちご','ストロベリー','',4,'','2021-10-21 05:50:05','2021-10-21 05:50:05'),(89,'栗渋皮煮','くり','',4,'','2021-10-21 05:50:05','2021-10-21 05:50:05'),(90,'グリーンレーズン','','',4,'','2021-10-21 05:50:05','2021-10-21 05:50:05'),(91,'ローリエ','','',4,'','2021-10-21 05:50:05','2021-10-21 05:50:05'),(92,'オレンジ','みかん','',4,'','2021-10-21 05:50:05','2021-10-21 05:50:05'),(93,'ブラックオリーブ','','',4,'','2021-10-21 05:50:05','2021-10-21 05:50:05'),(94,'タイム','','',4,'','2021-10-21 05:50:05','2021-10-21 05:50:05'),(95,'ディル','','',4,'','2021-10-21 05:50:05','2021-10-21 05:50:05'),(96,'ラズベリー(冷凍)','','',4,'','2021-10-21 05:50:05','2021-10-21 05:50:05'),(97,'ブルーベリー(冷凍)','','',4,'','2021-10-21 05:50:05','2021-10-21 05:50:05'),(98,'アーモンドスライス','','',4,'','2021-10-21 05:50:05','2021-10-21 05:50:05'),(99,'サフラン','','',4,'','2021-10-21 05:50:05','2021-10-21 05:50:05'),(100,'くるみ','胡桃','クルミ',4,'','2021-10-21 05:50:05','2021-10-21 05:50:05'),(101,'マンゴー(冷凍)','','',4,'','2021-10-21 05:50:05','2021-10-21 05:50:05'),(102,'ライチ(缶)','','',4,'','2021-10-21 05:50:05','2021-10-21 05:50:05'),(103,'生姜','しょうが','',4,'','2021-10-21 05:50:05','2021-10-21 05:50:05'),(104,'しめじ','','',5,'','2021-10-21 05:50:05','2021-10-21 05:50:05'),(105,'きざみ海苔','','',5,'','2021-10-21 05:50:05','2021-10-21 05:50:05'),(106,'焼き海苔','のり','',5,'','2021-10-21 05:50:05','2021-10-21 05:50:05'),(107,'椎茸','しいたけ','',5,'','2021-10-21 05:50:05','2021-10-21 05:50:05'),(108,'ポルチーニ茸','','',5,'','2021-10-21 05:50:05','2021-10-21 05:50:05'),(109,'わかめ','ワカメ','',5,'','2021-10-21 05:50:05','2021-10-21 05:50:05'),(110,'まいたけ','','',5,'','2021-10-21 05:50:05','2021-10-21 05:50:05'),(111,'えのき茸','','',5,'','2021-10-21 05:50:05','2021-10-21 05:50:05'),(112,'マッシュルーム','','',5,'','2021-10-21 05:50:05','2021-10-21 05:50:05'),(113,'ツナ缶','','',6,'','2021-10-21 05:50:05','2021-10-21 05:50:05'),(114,'辛子明太子','','',6,'','2021-10-21 05:50:05','2021-10-21 05:50:05'),(115,'アジ','鯵','あじ',6,'','2021-10-21 05:50:05','2021-10-21 05:50:05'),(116,'むき海老','えび','',6,'','2021-10-21 05:50:05','2021-10-21 05:50:05'),(117,'カニ風味かまぼこ','','',6,'','2021-10-21 05:50:05','2021-10-21 05:50:05'),(118,'はんぺん','','',6,'','2021-10-21 05:50:05','2021-10-21 05:50:05'),(119,'スモークサーモン','','',6,'','2021-10-21 05:50:05','2021-10-21 05:50:05'),(120,'さきいか','','',6,'','2021-10-21 05:50:05','2021-10-21 05:50:05'),(121,'あさり','アサリ','',6,'','2021-10-21 05:50:05','2021-10-21 05:50:05'),(122,'あさり(殻付き)','','',6,'','2021-10-21 05:50:05','2021-10-21 05:50:05'),(123,'しじみ','シジミ','',6,'','2021-10-21 05:50:05','2021-10-21 05:50:05'),(124,'たらこ','','',6,'','2021-10-21 05:50:05','2021-10-21 05:50:05'),(125,'ちりめんじゃこ','','',6,'','2021-10-21 05:50:05','2021-10-21 05:50:05'),(126,'かまぼこ','','',6,'','2021-10-21 05:50:05','2021-10-21 05:50:05'),(127,'海老(有頭)','えび','',6,'','2021-10-21 05:50:05','2021-10-21 05:50:05'),(128,'ロブスター','','',6,'','2021-10-21 05:50:05','2021-10-21 05:50:05'),(129,'鯛','タイ','',6,'','2021-10-21 05:50:05','2021-10-21 05:50:05'),(130,'鰤','ぶり','',6,'','2021-10-21 05:50:05','2021-10-21 05:50:05'),(131,'ほたて貝柱','','',6,'','2021-10-21 05:50:05','2021-10-21 05:50:05'),(132,'練りうに','ウニ','',6,'','2021-10-21 05:50:05','2021-10-21 05:50:05'),(133,'牛肩ロース薄切り肉','牛肉','ビーフ',7,'','2021-10-21 05:50:05','2021-10-21 05:50:05'),(134,'鶏もも肉','鶏肉','',7,'','2021-10-21 05:50:05','2021-10-21 05:50:05'),(135,'豚ロース薄切り','豚肉','',7,'','2021-10-21 05:50:05','2021-10-21 05:50:05'),(136,'豚バラ薄切り肉','豚肉','',7,'','2021-10-21 05:50:05','2021-10-21 05:50:05'),(137,'鶏手羽中','鶏肉','',7,'','2021-10-21 05:50:05','2021-10-21 05:50:05'),(138,'鶏ひき肉','鶏肉','',7,'','2021-10-21 05:50:05','2021-10-21 05:50:05'),(139,'ロースハム','','',7,'','2021-10-21 05:50:05','2021-10-21 05:50:05'),(140,'ベーコン','','',7,'','2021-10-21 05:50:05','2021-10-21 05:50:05'),(141,'合い挽き肉','','',7,'','2021-10-21 05:50:05','2021-10-21 05:50:05'),(142,'豚肩ロース塊肉','豚肉','',7,'','2021-10-21 05:50:05','2021-10-21 05:50:05'),(143,'豚ひき肉','豚肉','',7,'','2021-10-21 05:50:05','2021-10-21 05:50:05'),(144,'フォアグラ','','',7,'','2021-10-21 05:50:05','2021-10-21 05:50:05'),(145,'豚肩ロース薄切り肉','豚肉','',7,'','2021-10-21 05:50:05','2021-10-21 05:50:05'),(146,'ウインナー','','',7,'','2021-10-21 05:50:05','2021-10-21 05:50:05'),(147,'牛ステーキ肉','牛肉','ビーフ',7,'','2021-10-21 05:50:05','2021-10-21 05:50:05'),(148,'鶏手羽元','鶏肉','',7,'','2021-10-21 05:50:05','2021-10-21 05:50:05'),(149,'牛もも塊肉','牛肉','ビーフ',7,'','2021-10-21 05:50:05','2021-10-21 05:50:05'),(150,'スペアリブ','','',7,'','2021-10-21 05:50:05','2021-10-21 05:50:05'),(151,'豚バラ塊肉','豚肉','',7,'','2021-10-21 05:50:05','2021-10-21 05:50:05'),(152,'インスタントコーヒー','','',8,'','2021-10-21 05:50:05','2021-10-21 05:50:05'),(153,'グレープフルーツジュース','','',8,'','2021-10-21 05:50:05','2021-10-21 05:50:05'),(154,'ラム酒','','',8,'','2021-10-21 05:50:05','2021-10-21 05:50:05'),(155,'クコの実','','',8,'','2021-10-21 05:50:05','2021-10-21 05:50:05'),(156,'味つきザーサイ','搾菜','ザーサイ',8,'','2021-10-21 05:50:05','2021-10-21 05:50:05'),(157,'黒練ごま','','',8,'','2021-10-21 05:50:05','2021-10-21 05:50:05'),(158,'トマトジュース','','',8,'','2021-10-21 05:50:05','2021-10-21 05:50:05'),(159,'ピーナッツクリーム','','',8,'','2021-10-21 05:50:05','2021-10-21 05:50:05'),(160,'ピンクペッパー','','',8,'','2021-10-21 05:50:05','2021-10-21 05:50:05'),(161,'レッドペッパー','','',8,'','2021-10-21 05:50:05','2021-10-21 05:50:05'),(162,'赤ワイン','','',8,'','2021-10-21 05:50:05','2021-10-21 05:50:05'),(163,'ゆず茶','柚子茶','',8,'','2021-10-21 05:50:05','2021-10-21 05:50:05'),(164,'インスタントドライイースト','','',8,'','2021-10-21 05:50:05','2021-10-21 05:50:05'),(165,'ターメリック','','',8,'','2021-10-21 05:50:05','2021-10-21 05:50:05'),(166,'クミンシード','','',8,'','2021-10-21 05:50:05','2021-10-21 05:50:05'),(167,'クミンパウダー','','',8,'','2021-10-21 05:50:05','2021-10-21 05:50:05'),(168,'ガラムマサラ','','',8,'','2021-10-21 05:50:05','2021-10-21 05:50:05'),(169,'抹茶','','',8,'','2021-10-21 05:50:05','2021-10-21 05:50:05'),(170,'ストロベリーリキュール','','',8,'','2021-10-21 05:50:05','2021-10-21 05:50:05'),(171,'サイダー','','',8,'','2021-10-21 05:50:05','2021-10-21 05:50:05'),(172,'白ワイン','','',8,'','2021-10-21 05:50:05','2021-10-21 05:50:05'),(173,'フランボワーズリキュール','','',8,'','2021-10-21 05:50:05','2021-10-21 05:50:05'),(174,'フロストシュガー','','',9,'','2021-10-21 05:50:05','2021-10-21 05:50:05'),(175,'白玉粉','しらたま','',9,'','2021-10-21 05:50:05','2021-10-21 05:50:05'),(176,'はちみつ','','',9,'','2021-10-21 05:50:05','2021-10-21 05:50:05'),(177,'カステラ','','',9,'','2021-10-21 05:50:05','2021-10-21 05:50:05'),(178,'フルーツグラノーラ','','',9,'','2021-10-21 05:50:05','2021-10-21 05:50:05'),(179,'コーンフレーク','','',9,'','2021-10-21 05:50:05','2021-10-21 05:50:05'),(180,'チョコレートシロップ','','',9,'','2021-10-21 05:50:05','2021-10-21 05:50:05'),(181,'羊羹','','',9,'','2021-10-21 05:50:05','2021-10-21 05:50:05'),(182,'ココアパウダー','','',9,'','2021-10-21 05:50:05','2021-10-21 05:50:05'),(183,'パイナップル(缶)','','',9,'','2021-10-21 05:50:05','2021-10-21 05:50:05'),(184,'黒こしあん','','',9,'','2021-10-21 05:50:05','2021-10-21 05:50:05'),(185,'マンゴージャム','','',9,'','2021-10-21 05:50:05','2021-10-21 05:50:05'),(186,'粉糖','','',9,'','2021-10-21 05:50:05','2021-10-21 05:50:05'),(187,'いちご(フリーズドライパウダー)','','',9,'','2021-10-21 05:50:05','2021-10-21 05:50:05'),(188,'いちごジャム','','',9,'','2021-10-21 05:50:05','2021-10-21 05:50:05'),(189,'ブルーベリージャム','','',9,'','2021-10-21 05:50:05','2021-10-21 05:50:05'),(190,'市販のマカロンミックス','','',9,'','2021-10-21 05:50:05','2021-10-21 05:50:05'),(191,'きび砂糖','','',9,'','2021-10-21 05:50:05','2021-10-21 05:50:05'),(192,'砂糖','さとう','',9,'','2021-10-21 05:50:05','2021-10-21 05:50:05'),(193,'ミックスフルーツ(缶)','','',9,'','2021-10-21 05:50:05','2021-10-21 05:50:05'),(194,'メープルシロップ','','',9,'','2021-10-21 05:50:05','2021-10-21 05:50:05'),(195,'洋梨(缶)','','',9,'','2021-10-21 05:50:05','2021-10-21 05:50:05'),(196,'市販のキャラメルシロップ','','',9,'','2021-10-21 05:50:05','2021-10-21 05:50:05'),(197,'ラズベリージャム','','',9,'','2021-10-21 05:50:05','2021-10-21 05:50:05'),(198,'りんごジャム','','',9,'','2021-10-21 05:50:05','2021-10-21 05:50:05'),(199,'切り干し大根','','',10,'','2021-10-21 05:50:05','2021-10-21 05:50:05'),(200,'ゆかり','','',10,'','2021-10-21 05:50:05','2021-10-21 05:50:05'),(201,'桜の花の塩漬け','','',10,'','2021-10-21 05:50:05','2021-10-21 05:50:05'),(202,'削りがつお','','',10,'','2021-10-21 05:50:05','2021-10-21 05:50:05'),(203,'素干し海老','','',10,'','2021-10-21 05:50:05','2021-10-21 05:50:05'),(204,'芽ひじき','','',10,'','2021-10-21 05:50:05','2021-10-21 05:50:05'),(205,'チリインオイル','','',11,'','2021-10-21 05:50:05','2021-10-21 05:50:05'),(206,'ナンプラー','','',11,'','2021-10-21 05:50:05','2021-10-21 05:50:05'),(207,'スイートチリソース','','',11,'','2021-10-21 05:50:05','2021-10-21 05:50:05'),(208,'マヨネーズ','','',11,'','2021-10-21 05:50:05','2021-10-21 05:50:05'),(209,'市販のカットトマト','','',11,'','2021-10-21 05:50:05','2021-10-21 05:50:05'),(210,'カレー粉','','',11,'','2021-10-21 05:50:05','2021-10-21 05:50:05'),(211,'鶏がらスープの素','','',11,'','2021-10-21 05:50:05','2021-10-21 05:50:05'),(212,'マスタード','','',11,'','2021-10-21 05:50:05','2021-10-21 05:50:05'),(213,'ウスターソース','','',11,'','2021-10-21 05:50:05','2021-10-21 05:50:05'),(214,'バニラオイル','','',11,'','2021-10-21 05:50:05','2021-10-21 05:50:05'),(215,'ごま油','','',11,'','2021-10-21 05:50:05','2021-10-21 05:50:05'),(216,'だしじょうゆ','だし醤油','',11,'','2021-10-21 05:50:05','2021-10-21 05:50:05'),(217,'片栗粉','','',11,'','2021-10-21 05:50:05','2021-10-21 05:50:05'),(218,'オリーブオイル','','',11,'','2021-10-21 05:50:05','2021-10-21 05:50:05'),(219,'和風だしの素','','',11,'','2021-10-21 05:50:05','2021-10-21 05:50:05'),(220,'ポン酢しょうゆ','','',11,'','2021-10-21 05:50:05','2021-10-21 05:50:05'),(221,'黒こしょう','黒胡椒','',11,'','2021-10-21 05:50:05','2021-10-21 05:50:05'),(222,'コンソメ顆粒','','',11,'','2021-10-21 05:50:05','2021-10-21 05:50:05'),(223,'岩塩','','',11,'','2021-10-21 05:50:05','2021-10-21 05:50:05'),(224,'市販のデミグラスソース','','',11,'','2021-10-21 05:50:05','2021-10-21 05:50:05'),(225,'市販ホワイトソース','','',11,'','2021-10-21 05:50:05','2021-10-21 05:50:05'),(226,'市販トマトソース','','',11,'','2021-10-21 05:50:05','2021-10-21 05:50:05'),(227,'アーモンドパウダー','','',11,'','2021-10-21 05:50:05','2021-10-21 05:50:05'),(228,'アーモンドエッセンス','','',11,'','2021-10-21 05:50:05','2021-10-21 05:50:05'),(229,'カスタードクリームパウダー','','',11,'','2021-10-21 05:50:05','2021-10-21 05:50:05'),(230,'ココナッツミルクパウダー','','',11,'','2021-10-21 05:50:05','2021-10-21 05:50:05'),(231,'ベーキングパウダー','','',11,'','2021-10-21 05:50:05','2021-10-21 05:50:05'),(232,'トマトケチャップ','','',11,'','2021-10-21 05:50:05','2021-10-21 05:50:05'),(233,'トマトペースト','','',11,'','2021-10-21 05:50:05','2021-10-21 05:50:05'),(234,'コチュジャン','','',11,'','2021-10-21 05:50:05','2021-10-21 05:50:05'),(235,'チリパウダー','','',11,'','2021-10-21 05:50:05','2021-10-21 05:50:05'),(236,'黒酢','','',11,'','2021-10-21 05:50:05','2021-10-21 05:50:05'),(237,'白だし','','',11,'','2021-10-21 05:50:05','2021-10-21 05:50:05'),(238,'白こしょう','','',11,'','2021-10-21 05:50:05','2021-10-21 05:50:05'),(239,'赤唐辛子(輪切り)','','',11,'','2021-10-21 05:50:05','2021-10-21 05:50:05'),(240,'粒マスタード','','',11,'','2021-10-21 05:50:05','2021-10-21 05:50:05'),(241,'ナツメグ','','',11,'','2021-10-21 05:50:05','2021-10-21 05:50:05'),(242,'豆板醤','','',11,'','2021-10-21 05:50:05','2021-10-21 05:50:05'),(243,'トウチ','','',11,'','2021-10-21 05:50:05','2021-10-21 05:50:05'),(244,'青花椒(アオホワジャオ)','','',11,'','2021-10-21 05:50:05','2021-10-21 05:50:05'),(245,'テンメジャン','','',11,'','2021-10-21 05:50:05','2021-10-21 05:50:05'),(246,'ラー油','','',11,'','2021-10-21 05:50:05','2021-10-21 05:50:05'),(247,'ターメリック','','',11,'','2021-10-21 05:50:05','2021-10-21 05:50:05'),(248,'オイスターソース','','',11,'','2021-10-21 05:50:05','2021-10-21 05:50:05'),(249,'酒','','',11,'','2021-10-21 05:50:05','2021-10-21 05:50:05'),(250,'塩こうじ','塩麹','',11,'','2021-10-21 05:50:05','2021-10-21 05:50:05'),(251,'しょうゆこうじ','醤油麹','醤油こうじ',11,'','2021-10-21 05:50:05','2021-10-21 05:50:05'),(252,'ゆずこしょう','柚子こしょう','ゆず胡椒',11,'','2021-10-21 05:50:05','2021-10-21 05:50:05'),(253,'市販のタルタルソース','','',11,'','2021-10-21 05:50:05','2021-10-21 05:50:05'),(254,'ハーブ&スパイスミックス調味料','','',11,'','2021-10-21 05:50:05','2021-10-21 05:50:05'),(255,'チョウテンガンシンジャオ','','',11,'','2021-10-21 05:50:05','2021-10-21 05:50:05'),(256,'にんにく','','',11,'','2021-10-21 05:50:05','2021-10-21 05:50:05'),(257,'イタリアンパセリ','','',11,'','2021-10-21 05:50:05','2021-10-21 05:50:05'),(258,'パセリ','','',11,'','2021-10-21 05:50:05','2021-10-21 05:50:05'),(259,'バジル','','',11,'','2021-10-21 05:50:05','2021-10-21 05:50:05'),(260,'生クリーム','','',12,'','2021-10-21 05:50:05','2021-10-21 05:50:05'),(261,'スライスチーズ','','',12,'','2021-10-21 05:50:05','2021-10-21 05:50:05'),(262,'バター','','',12,'','2021-10-21 05:50:05','2021-10-21 05:50:05'),(263,'バター(食塩不使用)','','',12,'','2021-10-21 05:50:05','2021-10-21 05:50:05'),(264,'牛乳','ミルク','',12,'','2021-10-21 05:50:05','2021-10-21 05:50:05'),(265,'サワークリーム','','',12,'','2021-10-21 05:50:05','2021-10-21 05:50:05'),(266,'ピザ用チーズ','','',12,'','2021-10-21 05:50:05','2021-10-21 05:50:05'),(267,'粉チーズ','','',12,'','2021-10-21 05:50:05','2021-10-21 05:50:05'),(268,'ラクレットチーズ','','',12,'','2021-10-21 05:50:05','2021-10-21 05:50:05'),(269,'クリームチーズ','','',12,'','2021-10-21 05:50:05','2021-10-21 05:50:05'),(270,'カマンベールチーズ','','',12,'','2021-10-21 05:50:05','2021-10-21 05:50:05'),(271,'プレーンヨーグルト','','',12,'','2021-10-21 05:50:05','2021-10-21 05:50:05'),(272,'プロセスチーズ','','',12,'','2021-10-21 05:50:05','2021-10-21 05:50:05'),(273,'コンデンスミルク','','',12,'','2021-10-21 05:50:05','2021-10-21 05:50:05'),(274,'温泉卵','','',13,'','2021-10-21 05:50:05','2021-10-21 05:50:05'),(275,'卵','エッグ','たまご',13,'','2021-10-21 05:50:05','2021-10-21 05:50:05'),(276,'粉ゼラチン','','',13,'','2021-10-21 05:50:05','2021-10-21 05:50:05'),(277,'酢','','',11,'','2021-10-21 05:50:05','2021-10-21 05:50:05'),(278,'塩','','',11,'','2021-10-21 05:50:05','2021-10-21 05:50:05'),(279,'醤油','しょうゆ','',11,'','2021-10-21 05:50:05','2021-10-21 05:50:05'),(280,'エキストラバージンオリーブオイル','オリーブオイル','',11,'','2021-10-21 05:50:05','2021-10-21 05:50:05'),(281,'削りがつお','','',11,'','2021-10-21 05:50:05','2021-10-21 05:50:05'),(282,'たくわん','','',11,'','2021-10-21 05:50:05','2021-10-21 05:50:05'),(283,'市販のドレッシング','','',11,'','2021-10-21 05:50:05','2021-10-21 05:50:05'),(284,'市販のきざみしょうが','しょうが','生姜',11,'','2021-10-21 05:50:05','2021-10-21 05:50:05'),(285,'市販のきざみにんにく','にんにく','ニンニク',11,'','2021-10-21 05:50:05','2021-10-21 05:50:05'),(286,'市販のおろしにんにく','にんにく','ニンニク',11,'','2021-10-21 05:50:05','2021-10-21 05:50:05'),(287,'市販のおろししょうが','生姜','しょうが',11,'','2021-10-21 05:50:05','2021-10-21 05:50:05'),(288,'生クリーム','','',12,'','2021-11-04 02:00:22','2021-11-04 02:00:22'),(289,'フロストシュガー','','',9,'','2021-11-04 02:00:22','2021-11-04 02:00:22'),(290,'クコの実','','',4,'','2021-11-04 02:00:22','2021-11-04 02:00:22'),(291,'鯖',NULL,NULL,6,NULL,'2021-11-10 03:37:03','2021-11-10 03:37:03'),(292,'鱈',NULL,NULL,6,NULL,'2021-11-10 03:42:05','2021-11-10 03:42:05'),(293,'鱈',NULL,NULL,6,NULL,'2021-11-10 04:35:23','2021-11-10 04:35:23');
/*!40000 ALTER TABLE `materials` ENABLE KEYS */;
UNLOCK TABLES;

--
-- Table structure for table `menus`
--

DROP TABLE IF EXISTS `menus`;
/*!40101 SET @saved_cs_client     = @@character_set_client */;
/*!40101 SET character_set_client = utf8 */;
CREATE TABLE `menus` (
  `id` bigint(20) unsigned NOT NULL AUTO_INCREMENT,
  `name` varchar(255) COLLATE utf8mb4_unicode_ci NOT NULL,
  `body` varchar(255) COLLATE utf8mb4_unicode_ci NOT NULL,
  `image_path` varchar(255) COLLATE utf8mb4_unicode_ci DEFAULT NULL,
  `created_at` timestamp NULL DEFAULT NULL,
  `updated_at` timestamp NULL DEFAULT NULL,
  PRIMARY KEY (`id`)
) ENGINE=InnoDB AUTO_INCREMENT=55 DEFAULT CHARSET=utf8mb4 COLLATE=utf8mb4_unicode_ci;
/*!40101 SET character_set_client = @saved_cs_client */;

--
-- Dumping data for table `menus`
--

LOCK TABLES `menus` WRITE;
/*!40000 ALTER TABLE `menus` DISABLE KEYS */;
INSERT INTO `menus` VALUES (1,'2010A','黒酢酢豚・きゅうりの浅漬け・中華風コーンスープ・黒ごまプリン','0.10A.jpg','2021-11-03 01:58:31','2021-11-03 01:58:31'),(2,'2010B','チキンカレー・ほうれん草とヨーグルトのカレー・チーズクルチャ&ターメリックライス・マンゴーラッシー','0.10B.jpg','2021-11-03 01:58:31','2021-11-03 01:58:31'),(3,'2010C','手打ちニョッキのチーズグラタン・スパイシーチキン・かぼちゃとナッツのサラダ&トマトとルッコラのサラダ・まるごとマロンケーキ','0.10C.jpg','2021-11-03 01:58:31','2021-11-03 01:58:31'),(4,'2011A','みそしょうが焼き・雑穀ご飯・ミネラルサラダ・きのこの豆乳みそ汁・キャラメル豆乳プリン','0.11A.jpg','2021-11-03 01:58:31','2021-11-03 01:58:31'),(5,'2011B','チリトマトカルボナーラ・マスタードチキングリル・焼ききのこサラダ・洋梨のクラフティ','0.11B.jpg','2021-11-03 01:58:31','2021-11-03 01:58:31'),(6,'2012A','ローストビーフ〜玉ねぎとしょうゆこうじのソース・トマトのポトフ〜チーズバゲット〜・グラスディップサラダ・ホワイトムース〜ベリーソース仕立て〜','0.12A.jpg','2021-11-03 01:58:31','2021-11-03 01:58:31'),(7,'2012B','伊達巻き寿司・スペアリブの香味みそ焼き・海老のタルタルグリル・紅芯大根のゆずこしょう甘酢・かまぼこのクリームチーズサンド・関東風雑煮','0.12B.jpg','2021-11-03 01:58:31','2021-11-03 01:58:31'),(8,'2012C','ロブスターのビスク風パスタ・マッシュルームと温泉卵のサラダ・ヴィシソワーズ・ショコラケイク','0.12C.jpg','2021-11-03 01:58:31','2021-11-03 01:58:31'),(9,'2101A','牛肉のステーキ〜レモンバター醤油仕立て〜・クラムチャウダー・グリーンサラダ・バラのクレープ','1.01A.jpg','2021-11-03 01:58:31','2021-11-03 01:58:31'),(10,'2101B','万能だれ・鰤の竜田揚げ&長芋わかめ天・雑穀ご飯・圧力調理バッグで時短チャーシュー・ザーサイとかぶの豆乳みそ汁・アップルサイダーゼリー','1.01B.jpg','2021-11-03 01:58:31','2021-11-03 01:58:31'),(11,'2101C','真鯛のポワレ〜サルサヴェルデ仕立て〜・ホタテのサフランリゾット・トマトドレッシングのサラダ・塩キャラメルミルフィーユ','1.01C.jpg','2021-11-03 01:58:31','2021-11-03 01:58:31'),(12,'2102A','ボロネーゼソースのラザニア・オニオングラタンスープ・スモークサーモンのサラダ・チョコバナナパフェ','1.02A.jpg','2021-11-03 01:58:31','2021-11-03 01:58:31'),(13,'2102B','5種ナムルのビビンパ・卵と海苔のスープ・チーズタッカルビ・ゆず茶のケーキ','1.02B.jpg','2021-11-03 01:58:31','2021-11-03 01:58:31'),(14,'2102C','フォグラハンバーグステーキ・キャロットポタージュ・グリーンサラダ・珈琲プリン','1.02C.jpg','2021-11-03 01:58:31','2021-11-03 01:58:31'),(15,'2103A','チキン南蛮〜たくあんタルタル添え・雑穀ご飯・キャベツのかきたまみそ汁・あさりと春野菜の酒蒸し・抹茶豆乳ババロア','1.03A.jpg','2021-11-03 01:58:31','2021-11-03 01:58:31'),(16,'2103B','桜ごはん・レンジで作る洋風つくね・海老と青じその春巻き・和風ジャーマンポテト・切り干し大根のゆかり甘酢・卵焼き・桜餅','1.03B.jpg','2021-11-03 01:58:31','2021-11-03 01:58:31'),(17,'2103C','うにトマトクリーム仕立てのロールキャベツ・菜の花とアボガドのエッグサラダ・カマンベールチーズのパーネ・オレンジのパンナコッタ','1.03C.jpg','2021-11-03 01:58:31','2021-11-03 01:58:31'),(18,'2104A','・ハッシュドビーフのオムライス・コブサラダ・いちごのスノーボールクッキー','1.04A.jpg','2021-11-03 01:58:31','2021-11-03 01:58:31'),(19,'2104B','四川風麻婆豆腐・雲白肉〜ウンパイロー〜・黄金チャーハン・杏仁プリン','1.04B.jpg','2021-11-03 01:58:31','2021-11-03 01:58:31'),(20,'2104C','肉バルのラクレットプレート〜豚肉のハニーロースト&ミートボール・あさりとレモンのパエリア・オニオンサラダ・ストロベリースパークリング','1.04C.jpg','2021-11-03 01:58:31','2021-11-03 01:58:31'),(21,'2105A','十勝若牛のステーキディッシュ・ガーリックライス・パイナップルとキャベツのコールスロー・飲むチーズケーキ','1.05A.jpg','2021-11-03 01:58:31','2021-11-03 01:58:31'),(22,'2105B','2種のパスタ〜アマトリチャーナ&冷製たらこレモン・バジルチキンサラダ・キウイヨーグルト','1.05B.jpg','2021-11-03 01:58:31','2021-11-03 01:58:31'),(23,'2105C','韓国風ザクザクチキン&ヤンニョムチキン・チーズキンパ・わかめの炒めドレッシングサラダ・トゥンカロン〜韓国風マカロン〜','1.05C.jpg','2021-11-03 01:58:31','2021-11-03 01:58:31'),(24,'2106A','台湾まぜそば・ぷりぷり海老餃子・白いたまごプリン','1.06A.jpg','2021-11-03 01:58:31','2021-11-03 01:58:31'),(25,'2106B','5種野菜と鶏肉のごま香味炒め・オクラとみょうがの冷たいみそ汁・桜海老とチーズの卵焼き・小松菜のごま和え・フルーツ和ポンチ','1.06B.jpg','2021-11-03 01:58:31','2021-11-03 01:58:31'),(26,'2106C','豚しゃぶのスープカレー・ターメリックライス・グリルチキンウイング・アボガドとトマトのサラダ・ココナッツミルクラッシー','1.06C.jpg','2021-11-03 01:58:31','2021-11-03 01:58:31'),(27,'2107A','スコッチエッグ・アスパラフライ・炒り黒豆のごはん・揚げなすのみそ汁・抹茶くるみわらび餅','1.07A.jpg','2021-11-03 01:58:31','2021-11-03 01:58:31'),(28,'2107B','ガパオライス・チャーゾー〜ベトナム風揚げ春巻き〜・牛肉とミントのサラダ・マンゴーミルク','1.07B.jpg','2021-11-03 01:58:31','2021-11-03 01:58:31'),(29,'2107C','焼き小籠包・ラーズーチー〜鶏のから揚げ甘辛四川炒め〜トマトと卵のスープ・ライチプリン','1.07C.jpg','2021-11-03 01:58:31','2021-11-03 01:58:31'),(30,'2108A','すき焼き丼・枝豆とたたききゅうりのサラダ・焼き枝豆のみそ汁・甘酒クリームコーヒーゼリー','1.08A.jpg','2021-11-03 01:58:31','2021-11-03 01:58:31'),(31,'2108B','プーパッポンカリー〜ソフトシェルクラブと卵のカレー炒め〜・鶏肉のピーナッツグリル・エスニックツナサラダ・グレープフルーツゼリー','1.08B.jpg','2021-11-03 01:58:31','2021-11-03 01:58:31'),(32,'2108C','手打ちうどん〜明太チーズかま玉&トマトだしつゆ〜・豚竜田揚げのサラダ仕立て・みたらし団子','1.08C.jpg','2021-11-03 01:58:31','2021-11-03 01:58:31'),(33,'2109A','鯵フライ・雑穀ご飯・手羽中と大根のスピード煮物・大根みそ汁・季節の水菓子','1.09A.jpg','2021-11-03 01:58:31','2021-11-03 01:58:31'),(34,'2109B','海老コーン天むす・カラフルチキンボール・ふわふわハムたまチーズ・ズッキーニの焼きナムル・きのこのレモンソテー・紅芯大根の甘酢漬け・ブルーベリー大福','1.09B.jpg','2021-11-03 01:58:31','2021-11-03 01:58:31'),(35,'2109C','フレッシュポルチーニのクリームパスタ・鶏肉のトマト煮込み・ぶどうとレモンのサラダ・さつま芋のモンブラン','1.09C.jpg','2021-11-03 01:58:31','2021-11-03 01:58:31'),(36,'2110A','サクサクとろーり五目おこげ・海老チリ春巻き・わかめとザーサイの和え物・レモンティーゼリー','1.10A.jpg','2021-11-03 01:58:31','2021-11-03 01:58:31'),(37,'2110B','デミグラス煮込みチーズハンバーグ・かぼちゃのみそ汁・りんごと春菊のサラダ・カスタードアップルパイ','1.10B.jpg','2021-11-03 01:58:31','2021-11-03 01:58:31'),(38,'2110C','チキンとかぼちゃのガーリッククリームシチュー〜シュクメルリ・とろーり卵のチーズブレッド〜ハチャプリ・ハロウィンサラダ・ウフアラネージュ〜メレンゲデザート','1.10C.jpg','2021-11-03 01:58:31','2021-11-03 01:58:31'),(39,'kids','基本のポークソテー','','2021-11-03 01:58:31','2021-11-03 01:58:31'),(40,'kids','レンジで！もやしと豆苗の豚巻きレンジ蒸し','','2021-11-03 01:58:31','2021-11-03 01:58:31'),(41,'kids','香りもごちそう鮭のガリバタ醤油ムニエル','','2021-11-03 01:58:31','2021-11-03 01:58:31'),(42,'kids','やみつきピリ辛きゅうり','','2021-11-03 01:58:31','2021-11-03 01:58:31'),(43,'kids','ジューシー鶏の唐揚げ','','2021-11-03 01:58:31','2021-11-03 01:58:31'),(44,'kids','ふんわりやわらか！簡単海老チリ','','2021-11-03 01:58:31','2021-11-03 01:58:31'),(45,'hiro','牡蠣とほうれん草のレモンクリームパスタ','','2021-11-03 01:58:31','2021-11-03 01:58:31'),(46,'hiro','しじみの中華スープ','','2021-11-03 01:58:31','2021-11-03 01:58:31'),(47,'hiro','はまぐりの潮汁','','2021-11-03 01:58:31','2021-11-03 01:58:31'),(48,'hiro','アアスパラと海老の塩ソース蒸し','','2021-11-03 01:58:31','2021-11-03 01:58:31'),(49,'hiro','あおさ汁','','2021-11-03 01:58:31','2021-11-03 01:58:31'),(50,'hiro','茶碗蒸し','','2021-11-03 01:58:31','2021-11-03 01:58:31'),(51,'hiro','アジのたたき','','2021-11-03 01:58:31','2021-11-03 01:58:31'),(52,'hiro','カレーパン','','2021-11-03 01:58:31','2021-11-03 01:58:31'),(53,'hiroつくりすぎ','鶏肉のトマト煮込み(カチャトーラ)','','2021-11-03 01:58:31','2021-11-10 18:23:23'),(54,'うちの晩ご飯１','特製カレー、キュウリのチョレギサラダ','WByi79kFyVjQzWn9DpM0HIzKsWKgCO4AyfEBUkjw.jpg','2021-11-17 18:43:36','2021-11-21 01:42:21');
/*!40000 ALTER TABLE `menus` ENABLE KEYS */;
UNLOCK TABLES;

--
-- Table structure for table `migrations`
--

DROP TABLE IF EXISTS `migrations`;
/*!40101 SET @saved_cs_client     = @@character_set_client */;
/*!40101 SET character_set_client = utf8 */;
CREATE TABLE `migrations` (
  `id` int(10) unsigned NOT NULL AUTO_INCREMENT,
  `migration` varchar(255) COLLATE utf8mb4_unicode_ci NOT NULL,
  `batch` int(11) NOT NULL,
  PRIMARY KEY (`id`)
) ENGINE=InnoDB AUTO_INCREMENT=25 DEFAULT CHARSET=utf8mb4 COLLATE=utf8mb4_unicode_ci;
/*!40101 SET character_set_client = @saved_cs_client */;

--
-- Dumping data for table `migrations`
--

LOCK TABLES `migrations` WRITE;
/*!40000 ALTER TABLE `migrations` DISABLE KEYS */;
INSERT INTO `migrations` VALUES (1,'2014_10_12_000000_create_users_table',1),(2,'2014_10_12_100000_create_password_resets_table',1),(3,'2021_09_08_014221_create_nutrients_table',1),(4,'2021_09_08_025056_create_material_categories_table',1),(5,'2021_09_08_104855_create_materials_table',1),(6,'2021_09_11_004409_create_nutrient_materials_table',1),(7,'2021_09_15_015021_create_recipe_categories_table',1),(8,'2021_09_15_024100_create_difficulties_table',1),(9,'2021_09_15_090252_create_tastes_table',1),(10,'2021_09_15_124452_create_feelings_table',1),(17,'2021_09_15_232130_create_howtos_table',2),(21,'2021_10_04_083637_create_menus_table',3),(22,'2021_10_09_071036_create_seasonings_table',3),(23,'2021_11_02_005233_create_recipes_table',3),(24,'2021_11_02_005234_create_recipe_materials_table',4);
/*!40000 ALTER TABLE `migrations` ENABLE KEYS */;
UNLOCK TABLES;

--
-- Table structure for table `nutrient_materials`
--

DROP TABLE IF EXISTS `nutrient_materials`;
/*!40101 SET @saved_cs_client     = @@character_set_client */;
/*!40101 SET character_set_client = utf8 */;
CREATE TABLE `nutrient_materials` (
  `id` bigint(20) unsigned NOT NULL AUTO_INCREMENT,
  `nutrient_id` bigint(20) NOT NULL,
  `material_id` bigint(20) NOT NULL,
  `memo` varchar(255) COLLATE utf8mb4_unicode_ci DEFAULT NULL,
  `created_at` timestamp NULL DEFAULT NULL,
  `updated_at` timestamp NULL DEFAULT NULL,
  PRIMARY KEY (`id`)
) ENGINE=InnoDB AUTO_INCREMENT=477 DEFAULT CHARSET=utf8mb4 COLLATE=utf8mb4_unicode_ci;
/*!40101 SET character_set_client = @saved_cs_client */;

--
-- Dumping data for table `nutrient_materials`
--

LOCK TABLES `nutrient_materials` WRITE;
/*!40000 ALTER TABLE `nutrient_materials` DISABLE KEYS */;
INSERT INTO `nutrient_materials` VALUES (2,1,6,'','2021-10-21 05:52:08','2021-10-21 05:52:08'),(3,1,103,'','2021-10-21 05:52:08','2021-10-21 05:52:08'),(4,1,257,'','2021-10-21 05:52:08','2021-10-21 05:52:08'),(5,1,258,'','2021-10-21 05:52:08','2021-10-21 05:52:08'),(6,1,89,'','2021-10-21 05:52:08','2021-10-21 05:52:08'),(7,1,94,'','2021-10-21 05:52:08','2021-10-21 05:52:08'),(8,1,98,'','2021-10-21 05:52:08','2021-10-21 05:52:08'),(9,1,99,'','2021-10-21 05:52:08','2021-10-21 05:52:08'),(10,1,100,'','2021-10-21 05:52:08','2021-10-21 05:52:08'),(11,2,2,'','2021-10-21 05:52:08','2021-10-21 05:52:08'),(12,2,3,'','2021-10-21 05:52:08','2021-10-21 05:52:08'),(13,2,4,'','2021-10-21 05:52:08','2021-10-21 05:52:08'),(15,2,6,'','2021-10-21 05:52:08','2021-10-21 05:52:08'),(16,2,8,'','2021-10-21 05:52:08','2021-10-21 05:52:08'),(17,2,9,'','2021-10-21 05:52:08','2021-10-21 05:52:08'),(18,2,16,'','2021-10-21 05:52:08','2021-10-21 05:52:08'),(19,2,18,'','2021-10-21 05:52:08','2021-10-21 05:52:08'),(20,2,22,'','2021-10-21 05:52:08','2021-10-21 05:52:08'),(21,2,32,'','2021-10-21 05:52:08','2021-10-21 05:52:08'),(22,2,33,'','2021-10-21 05:52:08','2021-10-21 05:52:08'),(23,2,34,'','2021-10-21 05:52:08','2021-10-21 05:52:08'),(24,2,37,'','2021-10-21 05:52:08','2021-10-21 05:52:08'),(25,2,38,'','2021-10-21 05:52:08','2021-10-21 05:52:08'),(26,2,70,'','2021-10-21 05:52:08','2021-10-21 05:52:08'),(27,2,256,'','2021-10-21 05:52:08','2021-10-21 05:52:08'),(28,2,40,'','2021-10-21 05:52:08','2021-10-21 05:52:08'),(29,2,41,'','2021-10-21 05:52:08','2021-10-21 05:52:08'),(30,2,42,'','2021-10-21 05:52:08','2021-10-21 05:52:08'),(31,2,43,'','2021-10-21 05:52:08','2021-10-21 05:52:08'),(32,2,44,'','2021-10-21 05:52:08','2021-10-21 05:52:08'),(33,2,45,'','2021-10-21 05:52:08','2021-10-21 05:52:08'),(34,2,46,'','2021-10-21 05:52:08','2021-10-21 05:52:08'),(35,2,48,'','2021-10-21 05:52:08','2021-10-21 05:52:08'),(36,2,49,'','2021-10-21 05:52:08','2021-10-21 05:52:08'),(37,2,51,'','2021-10-21 05:52:08','2021-10-21 05:52:08'),(38,2,52,'','2021-10-21 05:52:08','2021-10-21 05:52:08'),(39,2,53,'','2021-10-21 05:52:08','2021-10-21 05:52:08'),(40,2,103,'','2021-10-21 05:52:08','2021-10-21 05:52:08'),(41,2,54,'','2021-10-21 05:52:08','2021-10-21 05:52:08'),(42,2,55,'','2021-10-21 05:52:08','2021-10-21 05:52:08'),(43,2,56,'','2021-10-21 05:52:08','2021-10-21 05:52:08'),(44,2,57,'','2021-10-21 05:52:08','2021-10-21 05:52:08'),(45,2,59,'','2021-10-21 05:52:08','2021-10-21 05:52:08'),(46,2,60,'','2021-10-21 05:52:08','2021-10-21 05:52:08'),(47,2,61,'','2021-10-21 05:52:08','2021-10-21 05:52:08'),(48,2,62,'','2021-10-21 05:52:08','2021-10-21 05:52:08'),(49,2,63,'','2021-10-21 05:52:08','2021-10-21 05:52:08'),(50,2,64,'','2021-10-21 05:52:08','2021-10-21 05:52:08'),(51,2,65,'','2021-10-21 05:52:08','2021-10-21 05:52:08'),(52,2,66,'','2021-10-21 05:52:08','2021-10-21 05:52:08'),(53,2,67,'','2021-10-21 05:52:08','2021-10-21 05:52:08'),(54,2,68,'','2021-10-21 05:52:08','2021-10-21 05:52:08'),(55,2,69,'','2021-10-21 05:52:08','2021-10-21 05:52:08'),(56,2,71,'','2021-10-21 05:52:08','2021-10-21 05:52:08'),(57,2,72,'','2021-10-21 05:52:08','2021-10-21 05:52:08'),(58,2,73,'','2021-10-21 05:52:08','2021-10-21 05:52:08'),(59,2,74,'','2021-10-21 05:52:08','2021-10-21 05:52:08'),(60,2,75,'','2021-10-21 05:52:08','2021-10-21 05:52:08'),(61,2,76,'','2021-10-21 05:52:08','2021-10-21 05:52:08'),(62,2,199,'','2021-10-21 05:52:08','2021-10-21 05:52:08'),(63,2,233,'','2021-10-21 05:52:08','2021-10-21 05:52:08'),(64,2,241,'','2021-10-21 05:52:08','2021-10-21 05:52:08'),(65,2,250,'','2021-10-21 05:52:08','2021-10-21 05:52:08'),(66,2,256,'','2021-10-21 05:52:08','2021-10-21 05:52:08'),(67,2,77,'','2021-10-21 05:52:08','2021-10-21 05:52:08'),(68,2,78,'','2021-10-21 05:52:08','2021-10-21 05:52:08'),(69,2,79,'','2021-10-21 05:52:08','2021-10-21 05:52:08'),(70,2,257,'','2021-10-21 05:52:08','2021-10-21 05:52:08'),(71,2,258,'','2021-10-21 05:52:08','2021-10-21 05:52:08'),(72,2,259,'','2021-10-21 05:52:08','2021-10-21 05:52:08'),(73,2,85,'','2021-10-21 05:52:08','2021-10-21 05:52:08'),(74,2,86,'','2021-10-21 05:52:08','2021-10-21 05:52:08'),(75,2,87,'','2021-10-21 05:52:08','2021-10-21 05:52:08'),(76,2,88,'','2021-10-21 05:52:08','2021-10-21 05:52:08'),(77,2,90,'','2021-10-21 05:52:08','2021-10-21 05:52:08'),(78,2,89,'','2021-10-21 05:52:08','2021-10-21 05:52:08'),(79,2,92,'','2021-10-21 05:52:08','2021-10-21 05:52:08'),(80,2,94,'','2021-10-21 05:52:08','2021-10-21 05:52:08'),(81,2,197,'','2021-10-21 05:52:08','2021-10-21 05:52:08'),(82,2,98,'','2021-10-21 05:52:08','2021-10-21 05:52:08'),(83,2,100,'','2021-10-21 05:52:08','2021-10-21 05:52:08'),(84,2,101,'','2021-10-21 05:52:08','2021-10-21 05:52:08'),(85,2,102,'','2021-10-21 05:52:08','2021-10-21 05:52:08'),(86,2,107,'','2021-10-21 05:52:08','2021-10-21 05:52:08'),(87,2,108,'','2021-10-21 05:52:08','2021-10-21 05:52:08'),(88,2,110,'','2021-10-21 05:52:08','2021-10-21 05:52:08'),(89,2,111,'','2021-10-21 05:52:08','2021-10-21 05:52:08'),(90,2,112,'','2021-10-21 05:52:08','2021-10-21 05:52:08'),(91,2,109,'','2021-10-21 05:52:08','2021-10-21 05:52:08'),(92,3,259,'','2021-10-21 05:52:08','2021-10-21 05:52:08'),(93,3,258,'','2021-10-21 05:52:08','2021-10-21 05:52:08'),(94,3,38,'','2021-10-21 05:52:08','2021-10-21 05:52:08'),(95,3,70,'','2021-10-21 05:52:08','2021-10-21 05:52:08'),(96,4,275,'','2021-10-21 05:52:08','2021-10-21 05:52:08'),(97,4,274,'','2021-10-21 05:52:08','2021-10-21 05:52:08'),(98,4,203,'','2021-10-21 05:52:08','2021-10-21 05:52:08'),(99,4,90,'','2021-10-21 05:52:08','2021-10-21 05:52:08'),(100,4,94,'','2021-10-21 05:52:08','2021-10-21 05:52:08'),(101,4,118,'','2021-10-21 05:52:08','2021-10-21 05:52:08'),(102,4,117,'','2021-10-21 05:52:08','2021-10-21 05:52:08'),(103,4,120,'','2021-10-21 05:52:08','2021-10-21 05:52:08'),(104,4,121,'','2021-10-21 05:52:08','2021-10-21 05:52:08'),(105,4,126,'','2021-10-21 05:52:08','2021-10-21 05:52:08'),(106,4,128,'','2021-10-21 05:52:08','2021-10-21 05:52:08'),(107,4,131,'','2021-10-21 05:52:08','2021-10-21 05:52:08'),(108,4,132,'','2021-10-21 05:52:08','2021-10-21 05:52:08'),(109,5,204,'','2021-10-21 05:52:08','2021-10-21 05:52:08'),(110,5,250,'','2021-10-21 05:52:08','2021-10-21 05:52:08'),(111,5,109,'','2021-10-21 05:52:08','2021-10-21 05:52:08'),(112,5,106,'','2021-10-21 05:52:08','2021-10-21 05:52:08'),(113,6,1,'','2021-10-21 05:52:08','2021-10-21 05:52:08'),(114,6,18,'','2021-10-21 05:52:08','2021-10-21 05:52:08'),(115,6,22,'','2021-10-21 05:52:08','2021-10-21 05:52:08'),(116,6,32,'','2021-10-21 05:52:08','2021-10-21 05:52:08'),(117,6,34,'','2021-10-21 05:52:08','2021-10-21 05:52:08'),(118,6,33,'','2021-10-21 05:52:08','2021-10-21 05:52:08'),(119,6,35,'','2021-10-21 05:52:08','2021-10-21 05:52:08'),(120,6,37,'','2021-10-21 05:52:08','2021-10-21 05:52:08'),(121,6,38,'','2021-10-21 05:52:08','2021-10-21 05:52:08'),(122,6,70,'','2021-10-21 05:52:08','2021-10-21 05:52:08'),(123,6,40,'','2021-10-21 05:52:08','2021-10-21 05:52:08'),(124,6,43,'','2021-10-21 05:52:08','2021-10-21 05:52:08'),(125,6,44,'','2021-10-21 05:52:08','2021-10-21 05:52:08'),(126,6,45,'','2021-10-21 05:52:08','2021-10-21 05:52:08'),(127,6,46,'','2021-10-21 05:52:08','2021-10-21 05:52:08'),(128,6,48,'','2021-10-21 05:52:08','2021-10-21 05:52:08'),(129,6,49,'','2021-10-21 05:52:08','2021-10-21 05:52:08'),(130,6,51,'','2021-10-21 05:52:08','2021-10-21 05:52:08'),(131,6,52,'','2021-10-21 05:52:08','2021-10-21 05:52:08'),(132,6,54,'','2021-10-21 05:52:08','2021-10-21 05:52:08'),(133,6,55,'','2021-10-21 05:52:08','2021-10-21 05:52:08'),(134,6,57,'','2021-10-21 05:52:08','2021-10-21 05:52:08'),(135,6,59,'','2021-10-21 05:52:08','2021-10-21 05:52:08'),(136,6,60,'','2021-10-21 05:52:08','2021-10-21 05:52:08'),(137,6,61,'','2021-10-21 05:52:08','2021-10-21 05:52:08'),(138,6,62,'','2021-10-21 05:52:08','2021-10-21 05:52:08'),(139,6,63,'','2021-10-21 05:52:08','2021-10-21 05:52:08'),(140,6,65,'','2021-10-21 05:52:08','2021-10-21 05:52:08'),(141,6,72,'','2021-10-21 05:52:08','2021-10-21 05:52:08'),(142,6,73,'','2021-10-21 05:52:08','2021-10-21 05:52:08'),(143,6,75,'','2021-10-21 05:52:08','2021-10-21 05:52:08'),(144,6,199,'','2021-10-21 05:52:08','2021-10-21 05:52:08'),(145,6,256,'','2021-10-21 05:52:08','2021-10-21 05:52:08'),(146,6,77,'','2021-10-21 05:52:08','2021-10-21 05:52:08'),(147,6,80,'','2021-10-21 05:52:08','2021-10-21 05:52:08'),(148,6,85,'','2021-10-21 05:52:08','2021-10-21 05:52:08'),(149,6,86,'','2021-10-21 05:52:08','2021-10-21 05:52:08'),(150,6,87,'','2021-10-21 05:52:08','2021-10-21 05:52:08'),(151,6,88,'','2021-10-21 05:52:08','2021-10-21 05:52:08'),(152,6,92,'','2021-10-21 05:52:08','2021-10-21 05:52:08'),(153,6,101,'','2021-10-21 05:52:08','2021-10-21 05:52:08'),(154,6,102,'','2021-10-21 05:52:08','2021-10-21 05:52:08'),(155,6,158,'','2021-10-21 05:52:08','2021-10-21 05:52:08'),(156,6,183,'','2021-10-21 05:52:08','2021-10-21 05:52:08'),(157,7,18,'','2021-10-21 05:52:08','2021-10-21 05:52:08'),(158,7,33,'','2021-10-21 05:52:08','2021-10-21 05:52:08'),(159,7,34,'','2021-10-21 05:52:08','2021-10-21 05:52:08'),(160,7,38,'','2021-10-21 05:52:08','2021-10-21 05:52:08'),(161,7,70,'','2021-10-21 05:52:08','2021-10-21 05:52:08'),(162,7,40,'','2021-10-21 05:52:08','2021-10-21 05:52:08'),(163,7,41,'','2021-10-21 05:52:08','2021-10-21 05:52:08'),(164,7,42,'','2021-10-21 05:52:08','2021-10-21 05:52:08'),(165,7,44,'','2021-10-21 05:52:08','2021-10-21 05:52:08'),(166,7,45,'','2021-10-21 05:52:08','2021-10-21 05:52:08'),(167,7,46,'','2021-10-21 05:52:08','2021-10-21 05:52:08'),(168,7,49,'','2021-10-21 05:52:08','2021-10-21 05:52:08'),(169,7,51,'','2021-10-21 05:52:08','2021-10-21 05:52:08'),(170,7,54,'','2021-10-21 05:52:08','2021-10-21 05:52:08'),(171,7,57,'','2021-10-21 05:52:08','2021-10-21 05:52:08'),(172,7,59,'','2021-10-21 05:52:08','2021-10-21 05:52:08'),(173,7,63,'','2021-10-21 05:52:08','2021-10-21 05:52:08'),(174,7,64,'','2021-10-21 05:52:08','2021-10-21 05:52:08'),(175,7,65,'','2021-10-21 05:52:08','2021-10-21 05:52:08'),(176,7,66,'','2021-10-21 05:52:08','2021-10-21 05:52:08'),(177,7,68,'','2021-10-21 05:52:08','2021-10-21 05:52:08'),(178,7,71,'','2021-10-21 05:52:08','2021-10-21 05:52:08'),(179,7,72,'','2021-10-21 05:52:08','2021-10-21 05:52:08'),(180,7,73,'','2021-10-21 05:52:08','2021-10-21 05:52:08'),(181,7,75,'','2021-10-21 05:52:08','2021-10-21 05:52:08'),(182,7,135,'','2021-10-21 05:52:08','2021-10-21 05:52:08'),(183,7,275,'','2021-10-21 05:52:08','2021-10-21 05:52:08'),(184,7,274,'','2021-10-21 05:52:08','2021-10-21 05:52:08'),(185,7,261,'','2021-10-21 05:52:08','2021-10-21 05:52:08'),(186,7,263,'','2021-10-21 05:52:08','2021-10-21 05:52:08'),(187,7,262,'','2021-10-21 05:52:08','2021-10-21 05:52:08'),(188,7,264,'','2021-10-21 05:52:08','2021-10-21 05:52:08'),(189,7,266,'','2021-10-21 05:52:08','2021-10-21 05:52:08'),(190,7,267,'','2021-10-21 05:52:08','2021-10-21 05:52:08'),(191,7,268,'','2021-10-21 05:52:08','2021-10-21 05:52:08'),(192,7,269,'','2021-10-21 05:52:08','2021-10-21 05:52:08'),(193,7,278,'','2021-10-21 05:52:08','2021-10-21 05:52:08'),(194,7,272,'','2021-10-21 05:52:08','2021-10-21 05:52:08'),(195,7,271,'','2021-10-21 05:52:08','2021-10-21 05:52:08'),(196,7,273,'','2021-10-21 05:52:08','2021-10-21 05:52:08'),(197,7,204,'','2021-10-21 05:52:08','2021-10-21 05:52:08'),(198,7,233,'','2021-10-21 05:52:08','2021-10-21 05:52:08'),(199,7,242,'','2021-10-21 05:52:08','2021-10-21 05:52:08'),(200,7,257,'','2021-10-21 05:52:08','2021-10-21 05:52:08'),(201,7,258,'','2021-10-21 05:52:08','2021-10-21 05:52:08'),(202,7,259,'','2021-10-21 05:52:08','2021-10-21 05:52:08'),(203,7,109,'','2021-10-21 05:52:08','2021-10-21 05:52:08'),(204,7,106,'','2021-10-21 05:52:08','2021-10-21 05:52:08'),(205,7,134,'','2021-10-21 05:52:08','2021-10-21 05:52:08'),(206,7,137,'','2021-10-21 05:52:08','2021-10-21 05:52:08'),(207,7,136,'','2021-10-21 05:52:08','2021-10-21 05:52:08'),(208,7,135,'','2021-10-21 05:52:08','2021-10-21 05:52:08'),(209,7,139,'','2021-10-21 05:52:08','2021-10-21 05:52:08'),(210,7,140,'','2021-10-21 05:52:08','2021-10-21 05:52:08'),(211,7,141,'','2021-10-21 05:52:08','2021-10-21 05:52:08'),(212,7,133,'','2021-10-21 05:52:08','2021-10-21 05:52:08'),(213,7,142,'','2021-10-21 05:52:08','2021-10-21 05:52:08'),(214,7,143,'','2021-10-21 05:52:08','2021-10-21 05:52:08'),(215,7,144,'','2021-10-21 05:52:08','2021-10-21 05:52:08'),(216,7,145,'','2021-10-21 05:52:08','2021-10-21 05:52:08'),(217,7,146,'','2021-10-21 05:52:08','2021-10-21 05:52:08'),(218,7,147,'','2021-10-21 05:52:08','2021-10-21 05:52:08'),(219,7,148,'','2021-10-21 05:52:08','2021-10-21 05:52:08'),(220,7,150,'','2021-10-21 05:52:08','2021-10-21 05:52:08'),(221,7,151,'','2021-10-21 05:52:08','2021-10-21 05:52:08'),(222,7,158,'','2021-10-21 05:52:08','2021-10-21 05:52:08'),(223,8,15,'','2021-10-21 05:52:08','2021-10-21 05:52:08'),(224,8,256,'','2021-10-21 05:52:08','2021-10-21 05:52:08'),(225,8,250,'','2021-10-21 05:52:08','2021-10-21 05:52:08'),(226,8,133,'','2021-10-21 05:52:08','2021-10-21 05:52:08'),(227,8,134,'','2021-10-21 05:52:08','2021-10-21 05:52:08'),(228,8,135,'','2021-10-21 05:52:08','2021-10-21 05:52:08'),(229,8,138,'','2021-10-21 05:52:08','2021-10-21 05:52:08'),(230,8,137,'','2021-10-21 05:52:08','2021-10-21 05:52:08'),(231,8,136,'','2021-10-21 05:52:08','2021-10-21 05:52:08'),(232,8,139,'','2021-10-21 05:52:08','2021-10-21 05:52:08'),(233,8,140,'','2021-10-21 05:52:08','2021-10-21 05:52:08'),(234,8,141,'','2021-10-21 05:52:08','2021-10-21 05:52:08'),(235,8,142,'','2021-10-21 05:52:08','2021-10-21 05:52:08'),(236,8,143,'','2021-10-21 05:52:08','2021-10-21 05:52:08'),(237,8,144,'','2021-10-21 05:52:08','2021-10-21 05:52:08'),(238,8,145,'','2021-10-21 05:52:08','2021-10-21 05:52:08'),(239,8,146,'','2021-10-21 05:52:08','2021-10-21 05:52:08'),(240,8,147,'','2021-10-21 05:52:08','2021-10-21 05:52:08'),(241,8,148,'','2021-10-21 05:52:08','2021-10-21 05:52:08'),(242,8,149,'','2021-10-21 05:52:08','2021-10-21 05:52:08'),(243,8,150,'','2021-10-21 05:52:08','2021-10-21 05:52:08'),(244,8,151,'','2021-10-21 05:52:08','2021-10-21 05:52:08'),(245,9,274,'','2021-10-21 05:52:08','2021-10-21 05:52:08'),(246,9,275,'','2021-10-21 05:52:08','2021-10-21 05:52:08'),(247,9,261,'','2021-10-21 05:52:08','2021-10-21 05:52:08'),(248,9,264,'','2021-10-21 05:52:08','2021-10-21 05:52:08'),(249,9,266,'','2021-10-21 05:52:08','2021-10-21 05:52:08'),(250,9,267,'','2021-10-21 05:52:08','2021-10-21 05:52:08'),(251,9,268,'','2021-10-21 05:52:08','2021-10-21 05:52:08'),(252,9,269,'','2021-10-21 05:52:08','2021-10-21 05:52:08'),(253,9,278,'','2021-10-21 05:52:08','2021-10-21 05:52:08'),(254,9,272,'','2021-10-21 05:52:08','2021-10-21 05:52:08'),(255,9,271,'','2021-10-21 05:52:08','2021-10-21 05:52:08'),(256,9,273,'','2021-10-21 05:52:08','2021-10-21 05:52:08'),(257,9,203,'','2021-10-21 05:52:08','2021-10-21 05:52:08'),(258,9,250,'','2021-10-21 05:52:08','2021-10-21 05:52:08'),(259,9,104,'','2021-10-21 05:52:08','2021-10-21 05:52:08'),(260,9,107,'','2021-10-21 05:52:08','2021-10-21 05:52:08'),(261,9,108,'','2021-10-21 05:52:08','2021-10-21 05:52:08'),(262,9,110,'','2021-10-21 05:52:08','2021-10-21 05:52:08'),(263,9,111,'','2021-10-21 05:52:08','2021-10-21 05:52:08'),(264,9,112,'','2021-10-21 05:52:08','2021-10-21 05:52:08'),(265,9,116,'','2021-10-21 05:52:08','2021-10-21 05:52:08'),(266,9,117,'','2021-10-21 05:52:08','2021-10-21 05:52:08'),(267,9,118,'','2021-10-21 05:52:08','2021-10-21 05:52:08'),(268,9,120,'','2021-10-21 05:52:08','2021-10-21 05:52:08'),(269,9,121,'','2021-10-21 05:52:08','2021-10-21 05:52:08'),(270,9,126,'','2021-10-21 05:52:08','2021-10-21 05:52:08'),(271,9,128,'','2021-10-21 05:52:08','2021-10-21 05:52:08'),(272,9,131,'','2021-10-21 05:52:08','2021-10-21 05:52:08'),(273,9,132,'','2021-10-21 05:52:08','2021-10-21 05:52:08'),(274,10,3,'','2021-10-21 05:52:08','2021-10-21 05:52:08'),(275,10,4,'','2021-10-21 05:52:08','2021-10-21 05:52:08'),(276,10,9,'','2021-10-21 05:52:08','2021-10-21 05:52:08'),(277,10,15,'','2021-10-21 05:52:08','2021-10-21 05:52:08'),(278,10,16,'','2021-10-21 05:52:08','2021-10-21 05:52:08'),(279,10,256,'','2021-10-21 05:52:08','2021-10-21 05:52:08'),(280,10,103,'','2021-10-21 05:52:08','2021-10-21 05:52:08'),(281,10,64,'','2021-10-21 05:52:08','2021-10-21 05:52:08'),(282,10,241,'','2021-10-21 05:52:08','2021-10-21 05:52:08'),(283,10,259,'','2021-10-21 05:52:08','2021-10-21 05:52:08'),(284,10,257,'','2021-10-21 05:52:08','2021-10-21 05:52:08'),(285,10,258,'','2021-10-21 05:52:08','2021-10-21 05:52:08'),(286,10,106,'','2021-10-21 05:52:08','2021-10-21 05:52:08'),(287,11,6,'','2021-10-21 05:52:08','2021-10-21 05:52:08'),(288,11,8,'','2021-10-21 05:52:08','2021-10-21 05:52:08'),(289,11,32,'','2021-10-21 05:52:08','2021-10-21 05:52:08'),(290,11,33,'','2021-10-21 05:52:08','2021-10-21 05:52:08'),(291,11,256,'','2021-10-21 05:52:08','2021-10-21 05:52:08'),(292,11,40,'','2021-10-21 05:52:08','2021-10-21 05:52:08'),(293,11,41,'','2021-10-21 05:52:08','2021-10-21 05:52:08'),(294,11,45,'','2021-10-21 05:52:08','2021-10-21 05:52:08'),(295,11,46,'','2021-10-21 05:52:08','2021-10-21 05:52:08'),(296,11,49,'','2021-10-21 05:52:08','2021-10-21 05:52:08'),(297,11,103,'','2021-10-21 05:52:08','2021-10-21 05:52:08'),(298,11,54,'','2021-10-21 05:52:08','2021-10-21 05:52:08'),(299,11,56,'','2021-10-21 05:52:08','2021-10-21 05:52:08'),(300,11,57,'','2021-10-21 05:52:08','2021-10-21 05:52:08'),(301,11,59,'','2021-10-21 05:52:08','2021-10-21 05:52:08'),(302,11,60,'','2021-10-21 05:52:08','2021-10-21 05:52:08'),(303,11,64,'','2021-10-21 05:52:08','2021-10-21 05:52:08'),(304,11,66,'','2021-10-21 05:52:08','2021-10-21 05:52:08'),(305,11,68,'','2021-10-21 05:52:08','2021-10-21 05:52:08'),(306,11,261,'','2021-10-21 05:52:08','2021-10-21 05:52:08'),(307,11,264,'','2021-10-21 05:52:08','2021-10-21 05:52:08'),(308,11,265,'','2021-10-21 05:52:08','2021-10-21 05:52:08'),(309,11,266,'','2021-10-21 05:52:08','2021-10-21 05:52:08'),(310,11,268,'','2021-10-21 05:52:08','2021-10-21 05:52:08'),(311,11,267,'','2021-10-21 05:52:08','2021-10-21 05:52:08'),(312,11,269,'','2021-10-21 05:52:08','2021-10-21 05:52:08'),(313,11,270,'','2021-10-21 05:52:08','2021-10-21 05:52:08'),(314,11,272,'','2021-10-21 05:52:08','2021-10-21 05:52:08'),(315,11,271,'','2021-10-21 05:52:08','2021-10-21 05:52:08'),(316,11,273,'','2021-10-21 05:52:08','2021-10-21 05:52:08'),(317,11,199,'','2021-10-21 05:52:08','2021-10-21 05:52:08'),(318,11,202,'','2021-10-21 05:52:08','2021-10-21 05:52:08'),(319,11,203,'','2021-10-21 05:52:08','2021-10-21 05:52:08'),(320,11,204,'','2021-10-21 05:52:08','2021-10-21 05:52:08'),(321,11,250,'','2021-10-21 05:52:08','2021-10-21 05:52:08'),(322,11,257,'','2021-10-21 05:52:08','2021-10-21 05:52:08'),(323,11,258,'','2021-10-21 05:52:08','2021-10-21 05:52:08'),(324,11,259,'','2021-10-21 05:52:08','2021-10-21 05:52:08'),(325,11,94,'','2021-10-21 05:52:08','2021-10-21 05:52:08'),(326,11,98,'','2021-10-21 05:52:08','2021-10-21 05:52:08'),(327,11,99,'','2021-10-21 05:52:08','2021-10-21 05:52:08'),(328,11,109,'','2021-10-21 05:52:08','2021-10-21 05:52:08'),(329,11,113,'','2021-10-21 05:52:08','2021-10-21 05:52:08'),(330,11,114,'','2021-10-21 05:52:08','2021-10-21 05:52:08'),(331,11,115,'','2021-10-21 05:52:08','2021-10-21 05:52:08'),(332,11,116,'','2021-10-21 05:52:08','2021-10-21 05:52:08'),(333,11,117,'','2021-10-21 05:52:08','2021-10-21 05:52:08'),(334,11,118,'','2021-10-21 05:52:08','2021-10-21 05:52:08'),(335,11,119,'','2021-10-21 05:52:08','2021-10-21 05:52:08'),(336,11,120,'','2021-10-21 05:52:08','2021-10-21 05:52:08'),(337,11,121,'','2021-10-21 05:52:08','2021-10-21 05:52:08'),(338,11,124,'','2021-10-21 05:52:08','2021-10-21 05:52:08'),(339,11,125,'','2021-10-21 05:52:08','2021-10-21 05:52:08'),(340,11,126,'','2021-10-21 05:52:08','2021-10-21 05:52:08'),(341,11,128,'','2021-10-21 05:52:08','2021-10-21 05:52:08'),(342,11,130,'','2021-10-21 05:52:08','2021-10-21 05:52:08'),(343,11,129,'','2021-10-21 05:52:08','2021-10-21 05:52:08'),(344,11,131,'','2021-10-21 05:52:08','2021-10-21 05:52:08'),(345,11,132,'','2021-10-21 05:52:08','2021-10-21 05:52:08'),(346,12,202,'','2021-10-21 05:52:08','2021-10-21 05:52:08'),(347,12,250,'','2021-10-21 05:52:08','2021-10-21 05:52:08'),(348,12,104,'','2021-10-21 05:52:08','2021-10-21 05:52:08'),(349,12,107,'','2021-10-21 05:52:08','2021-10-21 05:52:08'),(350,12,108,'','2021-10-21 05:52:08','2021-10-21 05:52:08'),(351,12,110,'','2021-10-21 05:52:08','2021-10-21 05:52:08'),(352,12,111,'','2021-10-21 05:52:08','2021-10-21 05:52:08'),(353,12,112,'','2021-10-21 05:52:08','2021-10-21 05:52:08'),(354,12,113,'','2021-10-21 05:52:08','2021-10-21 05:52:08'),(355,12,114,'','2021-10-21 05:52:08','2021-10-21 05:52:08'),(356,12,115,'','2021-10-21 05:52:08','2021-10-21 05:52:08'),(357,12,119,'','2021-10-21 05:52:08','2021-10-21 05:52:08'),(358,12,124,'','2021-10-21 05:52:08','2021-10-21 05:52:08'),(359,12,125,'','2021-10-21 05:52:08','2021-10-21 05:52:08'),(360,12,130,'','2021-10-21 05:52:08','2021-10-21 05:52:08'),(361,12,129,'','2021-10-21 05:52:08','2021-10-21 05:52:08'),(362,13,262,'','2021-10-21 05:52:08','2021-10-21 05:52:08'),(363,13,263,'','2021-10-21 05:52:08','2021-10-21 05:52:08'),(364,13,202,'','2021-10-21 05:52:08','2021-10-21 05:52:08'),(365,13,93,'','2021-10-21 05:52:08','2021-10-21 05:52:08'),(366,13,94,'','2021-10-21 05:52:08','2021-10-21 05:52:08'),(367,13,98,'','2021-10-21 05:52:08','2021-10-21 05:52:08'),(368,13,113,'','2021-10-21 05:52:08','2021-10-21 05:52:08'),(369,13,114,'','2021-10-21 05:52:08','2021-10-21 05:52:08'),(370,13,115,'','2021-10-21 05:52:08','2021-10-21 05:52:08'),(371,13,119,'','2021-10-21 05:52:08','2021-10-21 05:52:08'),(372,13,99,'','2021-10-21 05:52:08','2021-10-21 05:52:08'),(373,13,124,'','2021-10-21 05:52:08','2021-10-21 05:52:08'),(374,13,125,'','2021-10-21 05:52:08','2021-10-21 05:52:08'),(375,13,130,'','2021-10-21 05:52:08','2021-10-21 05:52:08'),(376,13,129,'','2021-10-21 05:52:08','2021-10-21 05:52:08'),(377,14,2,'','2021-10-21 05:52:08','2021-10-21 05:52:08'),(378,14,52,'','2021-10-21 05:52:08','2021-10-21 05:52:08'),(379,14,103,'','2021-10-21 05:52:08','2021-10-21 05:52:08'),(380,14,261,'','2021-10-21 05:52:08','2021-10-21 05:52:08'),(381,14,262,'','2021-10-21 05:52:08','2021-10-21 05:52:08'),(382,14,266,'','2021-10-21 05:52:08','2021-10-21 05:52:08'),(383,14,267,'','2021-10-21 05:52:08','2021-10-21 05:52:08'),(384,14,268,'','2021-10-21 05:52:08','2021-10-21 05:52:08'),(385,14,269,'','2021-10-21 05:52:08','2021-10-21 05:52:08'),(386,14,272,'','2021-10-21 05:52:08','2021-10-21 05:52:08'),(387,14,206,'','2021-10-21 05:52:08','2021-10-21 05:52:08'),(388,14,242,'','2021-10-21 05:52:08','2021-10-21 05:52:08'),(389,14,257,'','2021-10-21 05:52:08','2021-10-21 05:52:08'),(390,14,258,'','2021-10-21 05:52:08','2021-10-21 05:52:08'),(391,14,106,'','2021-10-21 05:52:08','2021-10-21 05:52:08'),(392,14,114,'','2021-10-21 05:52:08','2021-10-21 05:52:08'),(393,15,3,'','2021-10-21 05:52:08','2021-10-21 05:52:08'),(394,15,4,'','2021-10-21 05:52:08','2021-10-21 05:52:08'),(395,15,43,'','2021-10-21 05:52:08','2021-10-21 05:52:08'),(396,15,64,'','2021-10-21 05:52:08','2021-10-21 05:52:08'),(397,15,204,'','2021-10-21 05:52:08','2021-10-21 05:52:08'),(398,15,250,'','2021-10-21 05:52:08','2021-10-21 05:52:08'),(399,15,258,'','2021-10-21 05:52:08','2021-10-21 05:52:08'),(400,15,257,'','2021-10-21 05:52:08','2021-10-21 05:52:08'),(401,15,259,'','2021-10-21 05:52:08','2021-10-21 05:52:08'),(402,15,108,'','2021-10-21 05:52:08','2021-10-21 05:52:08'),(403,16,6,'','2021-10-21 05:52:08','2021-10-21 05:52:08'),(404,16,8,'','2021-10-21 05:52:08','2021-10-21 05:52:08'),(405,16,274,'','2021-10-21 05:52:08','2021-10-21 05:52:08'),(406,16,275,'','2021-10-21 05:52:08','2021-10-21 05:52:08'),(407,16,276,'','2021-10-21 05:52:08','2021-10-21 05:52:08'),(408,16,260,'','2021-10-21 05:52:08','2021-10-21 05:52:08'),(409,16,261,'','2021-10-21 05:52:08','2021-10-21 05:52:08'),(410,16,262,'','2021-10-21 05:52:08','2021-10-21 05:52:08'),(411,16,263,'','2021-10-21 05:52:08','2021-10-21 05:52:08'),(412,16,264,'','2021-10-21 05:52:08','2021-10-21 05:52:08'),(413,16,265,'','2021-10-21 05:52:08','2021-10-21 05:52:08'),(414,16,266,'','2021-10-21 05:52:08','2021-10-21 05:52:08'),(415,16,267,'','2021-10-21 05:52:08','2021-10-21 05:52:08'),(416,16,268,'','2021-10-21 05:52:08','2021-10-21 05:52:08'),(417,16,269,'','2021-10-21 05:52:08','2021-10-21 05:52:08'),(418,16,270,'','2021-10-21 05:52:08','2021-10-21 05:52:08'),(419,16,272,'','2021-10-21 05:52:08','2021-10-21 05:52:08'),(420,16,271,'','2021-10-21 05:52:08','2021-10-21 05:52:08'),(421,16,273,'','2021-10-21 05:52:08','2021-10-21 05:52:08'),(422,16,202,'','2021-10-21 05:52:08','2021-10-21 05:52:08'),(423,16,203,'','2021-10-21 05:52:08','2021-10-21 05:52:08'),(424,16,113,'','2021-10-21 05:52:08','2021-10-21 05:52:08'),(425,16,115,'','2021-10-21 05:52:08','2021-10-21 05:52:08'),(426,16,116,'','2021-10-21 05:52:08','2021-10-21 05:52:08'),(427,16,117,'','2021-10-21 05:52:08','2021-10-21 05:52:08'),(428,16,118,'','2021-10-21 05:52:08','2021-10-21 05:52:08'),(429,16,119,'','2021-10-21 05:52:08','2021-10-21 05:52:08'),(430,16,120,'','2021-10-21 05:52:08','2021-10-21 05:52:08'),(431,16,121,'','2021-10-21 05:52:08','2021-10-21 05:52:08'),(432,16,124,'','2021-10-21 05:52:08','2021-10-21 05:52:08'),(433,16,125,'','2021-10-21 05:52:08','2021-10-21 05:52:08'),(434,16,126,'','2021-10-21 05:52:08','2021-10-21 05:52:08'),(435,16,130,'','2021-10-21 05:52:08','2021-10-21 05:52:08'),(436,16,128,'','2021-10-21 05:52:08','2021-10-21 05:52:08'),(437,16,129,'','2021-10-21 05:52:08','2021-10-21 05:52:08'),(438,16,131,'','2021-10-21 05:52:08','2021-10-21 05:52:08'),(439,16,132,'','2021-10-21 05:52:08','2021-10-21 05:52:08'),(440,17,6,'','2021-10-21 05:52:08','2021-10-21 05:52:08'),(441,17,18,'','2021-10-21 05:52:08','2021-10-21 05:52:08'),(442,17,22,'','2021-10-21 05:52:08','2021-10-21 05:52:08'),(443,17,137,'','2021-10-21 05:52:08','2021-10-21 05:52:08'),(444,17,32,'','2021-10-21 05:52:08','2021-10-21 05:52:08'),(445,17,40,'','2021-10-21 05:52:08','2021-10-21 05:52:08'),(446,17,56,'','2021-10-21 05:52:08','2021-10-21 05:52:08'),(447,17,61,'','2021-10-21 05:52:08','2021-10-21 05:52:08'),(448,17,64,'','2021-10-21 05:52:08','2021-10-21 05:52:08'),(449,17,66,'','2021-10-21 05:52:08','2021-10-21 05:52:08'),(450,17,68,'','2021-10-21 05:52:08','2021-10-21 05:52:08'),(451,17,72,'','2021-10-21 05:52:08','2021-10-21 05:52:08'),(452,17,73,'','2021-10-21 05:52:08','2021-10-21 05:52:08'),(453,17,74,'','2021-10-21 05:52:08','2021-10-21 05:52:08'),(454,17,76,'','2021-10-21 05:52:08','2021-10-21 05:52:08'),(455,17,199,'','2021-10-21 05:52:08','2021-10-21 05:52:08'),(456,17,80,'','2021-10-21 05:52:08','2021-10-21 05:52:08'),(457,17,85,'','2021-10-21 05:52:08','2021-10-21 05:52:08'),(458,17,90,'','2021-10-21 05:52:08','2021-10-21 05:52:08'),(459,17,111,'','2021-10-21 05:52:08','2021-10-21 05:52:08'),(460,17,109,'','2021-10-21 05:52:08','2021-10-21 05:52:08'),(461,18,6,'','2021-10-21 05:52:08','2021-10-21 05:52:08'),(462,18,9,'','2021-10-21 05:52:08','2021-10-21 05:52:08'),(463,18,250,'','2021-10-21 05:52:08','2021-10-21 05:52:08'),(464,19,79,'','2021-10-21 05:52:08','2021-10-21 05:52:08'),(465,12,292,NULL,'2021-11-10 03:42:05','2021-11-10 03:42:05'),(466,12,293,NULL,'2021-11-10 04:35:23','2021-11-10 04:35:23'),(467,16,293,NULL,'2021-11-10 04:35:23','2021-11-10 04:35:23'),(468,11,0,NULL,'2021-11-20 15:24:38','2021-11-20 15:24:38'),(469,1,294,NULL,'2021-11-20 19:11:24','2021-11-20 19:11:24'),(470,2,294,NULL,'2021-11-20 19:11:24','2021-11-20 19:11:24'),(471,1,295,NULL,'2021-11-20 19:18:59','2021-11-20 19:18:59'),(472,2,295,NULL,'2021-11-20 19:18:59','2021-11-20 19:18:59'),(473,1,296,NULL,'2021-11-20 19:20:09','2021-11-20 19:20:09'),(474,2,296,NULL,'2021-11-20 19:20:09','2021-11-20 19:20:09'),(475,1,5,NULL,'2021-11-20 19:23:48','2021-11-20 19:23:48'),(476,2,5,NULL,'2021-11-20 19:23:48','2021-11-20 19:23:48');
/*!40000 ALTER TABLE `nutrient_materials` ENABLE KEYS */;
UNLOCK TABLES;

--
-- Table structure for table `nutrients`
--

DROP TABLE IF EXISTS `nutrients`;
/*!40101 SET @saved_cs_client     = @@character_set_client */;
/*!40101 SET character_set_client = utf8 */;
CREATE TABLE `nutrients` (
  `id` bigint(20) unsigned NOT NULL AUTO_INCREMENT,
  `name` varchar(255) COLLATE utf8mb4_unicode_ci NOT NULL,
  `memo` varchar(255) COLLATE utf8mb4_unicode_ci DEFAULT NULL,
  `created_at` timestamp NULL DEFAULT NULL,
  `updated_at` timestamp NULL DEFAULT NULL,
  PRIMARY KEY (`id`)
) ENGINE=InnoDB AUTO_INCREMENT=20 DEFAULT CHARSET=utf8mb4 COLLATE=utf8mb4_unicode_ci;
/*!40101 SET character_set_client = @saved_cs_client */;

--
-- Dumping data for table `nutrients`
--

LOCK TABLES `nutrients` WRITE;
/*!40000 ALTER TABLE `nutrients` DISABLE KEYS */;
INSERT INTO `nutrients` VALUES (1,'マグネシウム',NULL,'2021-10-17 14:44:27','2021-10-17 14:44:27'),(2,'カリウム',NULL,'2021-10-17 14:44:27','2021-10-17 14:44:27'),(3,'クロム',NULL,'2021-10-17 14:44:27','2021-10-17 14:44:27'),(4,'鉄',NULL,'2021-10-17 14:44:27','2021-10-17 14:44:27'),(5,'ヨウ素',NULL,'2021-10-17 14:44:27','2021-10-17 14:44:27'),(6,'ビタミンC',NULL,'2021-10-17 14:44:27','2021-10-17 14:44:27'),(7,'ビタミンA',NULL,'2021-10-17 14:44:27','2021-10-17 14:44:27'),(8,'ビタミンB1',NULL,'2021-10-17 14:44:27','2021-10-17 14:44:27'),(9,'ビタミンB2',NULL,'2021-10-17 14:44:27','2021-10-17 14:44:27'),(10,'リン',NULL,'2021-10-17 14:44:27','2021-10-17 14:44:27'),(11,'カルシウム','カルシウムは、体重の1～2%（体重50㎏の成人で約1㎏）含まれており、生体内に最も多く存在するミネラルです。 \r\nその99%はリン酸と結合したリン酸カルシウム（ハイドロキシアパタイト）として骨や歯などの硬組織に存在し、残り1%は血液、筋肉、神経などの軟組織にイオンや種々の塩として存在しています。','2021-10-17 14:44:27','2021-11-20 15:24:38'),(12,'ビタミンD',NULL,'2021-10-17 14:44:27','2021-10-17 14:44:27'),(13,'ビタミンE',NULL,'2021-10-17 14:44:27','2021-10-17 14:44:27'),(14,'ナトリウム',NULL,'2021-10-17 14:44:27','2021-10-17 14:44:27'),(15,'葉酸',NULL,'2021-10-17 14:44:27','2021-10-17 14:44:27'),(16,'たんぱく質',NULL,'2021-10-17 14:44:27','2021-10-17 14:44:27'),(17,'食物繊維',NULL,'2021-10-17 14:44:27','2021-10-17 14:44:27'),(18,'モリブデン',NULL,'2021-10-17 14:44:27','2021-10-17 14:44:27'),(19,'ペクチン',NULL,'2021-10-17 14:44:27','2021-10-17 14:44:27');
/*!40000 ALTER TABLE `nutrients` ENABLE KEYS */;
UNLOCK TABLES;

--
-- Table structure for table `password_resets`
--

DROP TABLE IF EXISTS `password_resets`;
/*!40101 SET @saved_cs_client     = @@character_set_client */;
/*!40101 SET character_set_client = utf8 */;
CREATE TABLE `password_resets` (
  `email` varchar(255) COLLATE utf8mb4_unicode_ci NOT NULL,
  `token` varchar(255) COLLATE utf8mb4_unicode_ci NOT NULL,
  `created_at` timestamp NULL DEFAULT NULL,
  KEY `password_resets_email_index` (`email`)
) ENGINE=InnoDB DEFAULT CHARSET=utf8mb4 COLLATE=utf8mb4_unicode_ci;
/*!40101 SET character_set_client = @saved_cs_client */;

--
-- Dumping data for table `password_resets`
--

LOCK TABLES `password_resets` WRITE;
/*!40000 ALTER TABLE `password_resets` DISABLE KEYS */;
/*!40000 ALTER TABLE `password_resets` ENABLE KEYS */;
UNLOCK TABLES;

--
-- Table structure for table `recipe_categories`
--

DROP TABLE IF EXISTS `recipe_categories`;
/*!40101 SET @saved_cs_client     = @@character_set_client */;
/*!40101 SET character_set_client = utf8 */;
CREATE TABLE `recipe_categories` (
  `id` bigint(20) unsigned NOT NULL AUTO_INCREMENT,
  `name` varchar(255) COLLATE utf8mb4_unicode_ci NOT NULL,
  `created_at` timestamp NULL DEFAULT NULL,
  `updated_at` timestamp NULL DEFAULT NULL,
  PRIMARY KEY (`id`)
) ENGINE=InnoDB AUTO_INCREMENT=13 DEFAULT CHARSET=utf8mb4 COLLATE=utf8mb4_unicode_ci;
/*!40101 SET character_set_client = @saved_cs_client */;

--
-- Dumping data for table `recipe_categories`
--

LOCK TABLES `recipe_categories` WRITE;
/*!40000 ALTER TABLE `recipe_categories` DISABLE KEYS */;
INSERT INTO `recipe_categories` VALUES (1,'魚料理','2021-10-21 05:52:08','2021-10-21 05:52:08'),(2,'スープ類','2021-10-21 05:52:08','2021-10-21 05:52:08'),(3,'サラダ類','2021-10-21 05:52:08','2021-10-21 05:52:08'),(4,'麺・ごはん類','2021-10-21 05:52:08','2021-10-21 05:52:08'),(5,'肉類','2021-10-21 05:52:08','2021-10-21 05:52:08'),(6,'デザート類','2021-10-21 05:52:08','2021-10-21 05:52:08'),(7,'卵類','2021-10-21 05:52:08','2021-10-21 05:52:08'),(8,'箸休め','2021-10-21 05:52:08','2021-10-21 05:52:08'),(9,'行事用','2021-10-21 05:52:08','2021-10-21 05:52:08'),(10,'揚げ物','2021-11-10 17:39:59','2021-11-10 17:39:59'),(11,'エスニック','2021-11-10 17:48:37','2021-11-10 17:52:30'),(12,'蒸し物','2021-11-10 17:48:45','2021-11-10 17:51:46');
/*!40000 ALTER TABLE `recipe_categories` ENABLE KEYS */;
UNLOCK TABLES;

--
-- Table structure for table `recipe_materials`
--

DROP TABLE IF EXISTS `recipe_materials`;
/*!40101 SET @saved_cs_client     = @@character_set_client */;
/*!40101 SET character_set_client = utf8 */;
CREATE TABLE `recipe_materials` (
  `id` bigint(20) unsigned NOT NULL AUTO_INCREMENT,
  `recipe_id` bigint(20) NOT NULL,
  `material_id` bigint(20) NOT NULL,
  `amount` varchar(255) COLLATE utf8mb4_unicode_ci NOT NULL,
  `created_at` timestamp NULL DEFAULT NULL,
  `updated_at` timestamp NULL DEFAULT NULL,
  PRIMARY KEY (`id`)
) ENGINE=InnoDB AUTO_INCREMENT=870 DEFAULT CHARSET=utf8mb4 COLLATE=utf8mb4_unicode_ci;
/*!40101 SET character_set_client = @saved_cs_client */;

--
-- Dumping data for table `recipe_materials`
--

LOCK TABLES `recipe_materials` WRITE;
/*!40000 ALTER TABLE `recipe_materials` DISABLE KEYS */;
INSERT INTO `recipe_materials` VALUES (1,1,135,'12枚(400g)','2021-11-04 01:18:44','2021-11-04 01:18:44'),(2,1,61,'120g','2021-11-04 01:18:44','2021-11-04 01:18:44'),(3,1,62,'80g','2021-11-04 01:18:44','2021-11-04 01:18:44'),(4,1,38,'80g','2021-11-04 01:18:44','2021-11-04 01:18:44'),(5,1,63,'2個','2021-11-04 01:18:44','2021-11-04 01:18:44'),(6,2,34,'2本','2021-11-04 01:28:57','2021-11-04 01:28:57'),(7,3,16,'1パック(190g)','2021-11-04 01:35:16','2021-11-04 01:35:16'),(8,3,275,'1個','2021-11-04 01:35:16','2021-11-04 01:35:16'),(9,4,276,'小さじ2(4g位)','2021-11-04 02:01:02','2021-11-04 02:01:02'),(10,4,264,'120cc','2021-11-04 02:01:02','2021-11-04 02:01:02'),(11,4,157,'12g','2021-11-04 02:01:02','2021-11-04 02:01:02'),(12,5,35,'480g','2021-11-04 07:08:51','2021-11-04 07:08:51'),(13,5,134,'400g','2021-11-04 07:08:51','2021-11-04 07:08:51'),(14,5,209,'400g','2021-11-04 07:08:51','2021-11-04 07:08:51'),(15,6,41,'200g','2021-11-04 07:26:35','2021-11-04 07:26:35'),(16,6,271,'200g','2021-11-04 07:26:35','2021-11-04 07:26:35'),(17,7,261,'4枚','2021-11-04 07:52:53','2021-11-04 07:52:53'),(18,7,14,'160cc','2021-11-04 07:52:53','2021-11-04 07:52:53'),(19,7,247,'小さじ1/4','2021-11-04 07:52:53','2021-11-04 07:52:53'),(20,8,264,'100cc','2021-11-04 07:55:28','2021-11-04 07:55:28'),(21,8,271,'200g','2021-11-04 07:55:28','2021-11-04 07:55:28'),(22,8,185,'60g','2021-11-04 07:55:28','2021-11-04 07:55:28'),(23,9,11,'100g','2021-11-04 09:27:41','2021-11-04 09:27:41'),(24,9,22,'400g','2021-11-04 09:27:41','2021-11-04 09:27:41'),(25,9,140,'2枚','2021-11-04 09:27:41','2021-11-04 09:27:41'),(26,9,264,'200cc','2021-11-04 09:27:41','2021-11-04 09:27:41'),(27,9,288,'100g','2021-11-04 09:27:41','2021-11-04 09:27:41'),(28,9,270,'4/5個','2021-11-04 09:27:41','2021-11-04 09:27:41'),(29,10,137,'8本(1本40g)','2021-11-04 09:37:21','2021-11-04 09:37:21'),(30,11,61,'240g','2021-11-04 09:51:08','2021-11-04 09:51:08'),(31,11,90,'12g','2021-11-04 09:51:08','2021-11-04 09:51:08'),(32,11,265,'40g','2021-11-04 09:51:08','2021-11-04 09:51:08'),(33,11,100,'12g','2021-11-04 09:51:08','2021-11-04 09:51:08'),(34,11,39,'20g','2021-11-04 09:51:08','2021-11-04 09:51:08'),(35,11,49,'20g','2021-11-04 09:51:08','2021-11-04 09:51:08'),(36,11,42,'1個','2021-11-04 09:51:08','2021-11-04 09:51:08'),(37,12,263,'40g','2021-11-04 10:02:33','2021-11-04 10:02:33'),(38,12,275,'4/5個','2021-11-04 10:02:33','2021-11-04 10:02:33'),(39,12,154,'小さじ1','2021-11-04 10:02:33','2021-11-04 10:02:33'),(40,12,12,'40g','2021-11-04 10:02:33','2021-11-04 10:02:33'),(41,12,89,'4個','2021-11-04 10:02:33','2021-11-04 10:02:33'),(42,12,180,'小さじ2','2021-11-04 10:02:33','2021-11-04 10:02:33'),(43,12,182,'小さじ1/2','2021-11-04 10:02:33','2021-11-04 10:02:33'),(44,13,145,'400g(12~16枚)厚み2mm','2021-11-04 11:02:48','2021-11-04 11:02:48'),(45,13,35,'280g','2021-11-04 11:02:48','2021-11-04 11:02:48'),(46,14,204,'8g','2021-11-04 12:07:37','2021-11-04 12:07:37'),(47,14,33,'80g','2021-11-04 12:07:37','2021-11-04 12:07:37'),(48,14,85,'1/2個','2021-11-04 12:07:37','2021-11-04 12:07:37'),(49,14,50,'4個','2021-11-04 12:07:37','2021-11-04 12:07:37'),(50,14,202,'1袋(1.5g)','2021-11-04 12:07:37','2021-11-04 12:07:37'),(51,15,111,'40g','2021-11-04 12:21:33','2021-11-04 12:21:33'),(52,15,107,'2枚','2021-11-04 12:21:33','2021-11-04 12:21:33'),(53,15,3,'240cc','2021-11-04 12:21:33','2021-11-04 12:21:33'),(54,15,2,'大さじ2','2021-11-04 12:21:33','2021-11-04 12:21:33'),(55,16,275,'2個','2021-11-04 12:33:32','2021-11-04 12:33:32'),(56,16,3,'240cc','2021-11-04 12:33:32','2021-11-04 12:33:32'),(57,16,214,'8ふり','2021-11-04 12:33:32','2021-11-04 12:33:32'),(58,16,196,'小さじ4','2021-11-04 12:33:32','2021-11-04 12:33:32'),(59,17,21,'240g','2021-11-04 12:57:16','2021-11-04 12:57:16'),(60,17,140,'80g','2021-11-04 12:57:16','2021-11-04 12:57:16'),(61,17,285,'小さじ2','2021-11-04 12:57:16','2021-11-04 12:57:16'),(62,17,233,'大さじ1','2021-11-04 12:57:16','2021-11-04 12:57:16'),(63,17,172,'大さじ1','2021-11-04 12:57:16','2021-11-04 12:57:16'),(64,17,275,'2個','2021-11-04 12:57:16','2021-11-04 12:57:16'),(65,17,288,'80g','2021-11-04 12:57:16','2021-11-04 12:57:16'),(66,17,242,'小さじ1/2 × 4人分','2021-11-04 12:57:16','2021-11-04 12:57:16'),(67,17,267,'小さじ2','2021-11-04 12:57:16','2021-11-04 12:57:16'),(68,17,275,'温泉卵4個','2021-11-04 12:57:16','2021-11-04 12:57:16'),(69,18,134,'120g × 4枚','2021-11-04 13:04:10','2021-11-04 13:04:10'),(70,18,59,'1個','2021-11-04 13:04:10','2021-11-04 13:04:10'),(71,18,240,'大さじ2','2021-11-04 13:04:10','2021-11-04 13:04:10'),(72,19,110,'80g','2021-11-04 13:05:49','2021-11-04 13:05:49'),(73,19,218,'大さじ1','2021-11-04 13:05:49','2021-11-04 13:05:49'),(81,21,275,'1個','2021-11-04 13:39:25','2021-11-04 13:39:25'),(82,21,192,'大さじ2','2021-11-04 13:39:25','2021-11-04 13:39:25'),(83,21,12,'小さじ4','2021-11-04 13:39:25','2021-11-04 13:39:25'),(84,21,227,'小さじ4','2021-11-04 13:39:25','2021-11-04 13:39:25'),(85,21,264,'小さじ4','2021-11-04 13:39:25','2021-11-04 13:39:25'),(86,21,288,'40g','2021-11-04 13:39:25','2021-11-04 13:39:25'),(87,21,214,'8ふり','2021-11-04 13:39:25','2021-11-04 13:39:25'),(88,21,195,'半割2個','2021-11-04 13:39:25','2021-11-04 13:39:25'),(89,21,186,'小さじ1/2','2021-11-04 13:39:25','2021-11-04 13:39:25'),(90,22,149,'200g × 2','2021-11-04 13:51:20','2021-11-04 13:51:20'),(91,22,35,'60g','2021-11-04 13:51:20','2021-11-04 13:51:20'),(92,22,251,'小さじ4','2021-11-04 13:51:20','2021-11-04 13:51:20'),(93,23,148,'4本(1本60g位)','2021-11-04 14:50:33','2021-11-04 14:50:33'),(94,23,22,'200g','2021-11-04 14:50:33','2021-11-04 14:50:33'),(95,23,35,'120g','2021-11-04 14:50:33','2021-11-04 14:50:33'),(96,23,209,'240g','2021-11-04 14:50:33','2021-11-04 14:50:33'),(97,23,222,'小さじ2','2021-11-04 14:50:33','2021-11-04 14:50:33'),(98,23,213,'小さじ2','2021-11-04 14:50:33','2021-11-04 14:50:33'),(99,23,91,'1枚','2021-11-04 14:50:33','2021-11-04 14:50:33'),(100,23,23,'10g × 4枚','2021-11-04 14:50:33','2021-11-04 14:50:33'),(101,23,261,'1枚','2021-11-04 14:50:33','2021-11-04 14:50:33'),(102,24,53,'40g','2021-11-04 14:58:56','2021-11-04 14:58:56'),(103,24,47,'40g','2021-11-04 14:58:56','2021-11-04 14:58:56'),(104,24,70,'40g','2021-11-04 14:58:56','2021-11-04 14:58:56'),(105,24,59,'1個','2021-11-04 14:58:56','2021-11-04 14:58:56'),(106,24,34,'1/2本','2021-11-04 14:58:56','2021-11-04 14:58:56'),(107,24,265,'40g','2021-11-04 14:58:56','2021-11-04 14:58:56'),(108,24,264,'小さじ1','2021-11-04 14:58:56','2021-11-04 14:58:56'),(109,24,114,'40g','2021-11-04 14:58:56','2021-11-04 14:58:56'),(110,25,276,'小さじ2','2021-11-04 15:15:30','2021-11-04 15:15:30'),(111,25,288,'40g','2021-11-04 15:15:30','2021-11-04 15:15:30'),(112,25,271,'80g','2021-11-04 15:15:30','2021-11-04 15:15:30'),(113,25,265,'40g','2021-11-04 15:15:30','2021-11-04 15:15:30'),(114,25,189,'40g','2021-11-04 15:15:30','2021-11-04 15:15:30'),(115,25,173,'小さじ1','2021-11-04 15:15:30','2021-11-04 15:15:30'),(116,25,96,'4個','2021-11-04 15:15:30','2021-11-04 15:15:30'),(117,25,97,'8個','2021-11-04 15:15:30','2021-11-04 15:15:30'),(118,25,82,'4つ','2021-11-04 15:15:30','2021-11-04 15:15:30'),(119,26,275,'4個','2021-11-04 22:44:50','2021-11-04 22:44:50'),(120,26,118,'100g','2021-11-04 22:44:50','2021-11-04 22:44:50'),(121,26,191,'小さじ8','2021-11-04 22:44:50','2021-11-04 22:44:50'),(122,26,14,'100cc','2021-11-04 22:44:50','2021-11-04 22:44:50'),(123,26,34,'1/2本','2021-11-04 22:44:50','2021-11-04 22:44:50'),(124,26,117,'4本(40g位)','2021-11-04 22:44:50','2021-11-04 22:44:50'),(125,27,150,'8本(500g)','2021-11-04 22:54:58','2021-11-04 22:54:58'),(126,28,127,'4尾(1尾40g)','2021-11-04 23:01:00','2021-11-04 23:01:00'),(127,28,253,'小さじ4','2021-11-04 23:01:00','2021-11-04 23:01:00'),(128,29,47,'120g','2021-11-04 23:06:21','2021-11-04 23:06:21'),(129,29,252,'小さじ1/4','2021-11-04 23:06:21','2021-11-04 23:06:21'),(130,30,126,'暑さ1cm× 4切れ','2021-11-04 23:10:52','2021-11-04 23:10:52'),(131,30,46,'4枚','2021-11-04 23:10:52','2021-11-04 23:10:52'),(132,30,269,'40g','2021-11-04 23:10:52','2021-11-04 23:10:52'),(133,30,160,'8粒','2021-11-04 23:10:52','2021-11-04 23:10:52'),(134,31,134,'20g× 4','2021-11-04 23:18:55','2021-11-04 23:18:55'),(135,31,219,'小さじ1','2021-11-04 23:18:55','2021-11-04 23:18:55'),(136,31,51,'暑さ5mm輪切り× 4','2021-11-04 23:18:55','2021-11-04 23:18:55'),(137,31,29,'4個','2021-11-04 23:18:55','2021-11-04 23:18:55'),(138,31,71,'8g','2021-11-04 23:18:55','2021-11-04 23:18:55'),(139,32,127,'半身(120g前後) × 4','2021-11-05 06:05:32','2021-11-05 06:05:32'),(140,32,262,'10g','2021-11-05 06:05:32','2021-11-05 06:05:32'),(141,32,172,'40cc','2021-11-05 06:05:32','2021-11-05 06:05:32'),(142,32,256,'12g','2021-11-05 06:05:32','2021-11-05 06:05:32'),(143,32,35,'240g','2021-11-05 06:05:32','2021-11-05 06:05:32'),(144,32,12,'大さじ2','2021-11-05 06:05:32','2021-11-05 06:05:32'),(145,32,233,'大さじ1','2021-11-05 06:05:32','2021-11-05 06:05:32'),(146,32,288,'120g','2021-11-05 06:05:32','2021-11-05 06:05:32'),(147,32,21,'200g','2021-11-05 06:05:32','2021-11-05 06:05:32'),(148,33,39,'60g','2021-11-05 06:15:07','2021-11-05 06:15:07'),(149,33,53,'20g','2021-11-05 06:15:07','2021-11-05 06:15:07'),(150,33,47,'40g','2021-11-05 06:15:07','2021-11-05 06:15:07'),(151,33,112,'4個','2021-11-05 06:15:07','2021-11-05 06:15:07'),(152,33,275,'温泉卵として4個','2021-11-05 06:15:07','2021-11-05 06:15:07'),(153,34,22,'160g','2021-11-05 06:27:21','2021-11-05 06:27:21'),(154,34,35,'120g','2021-11-05 06:27:21','2021-11-05 06:27:21'),(155,34,37,'20g','2021-11-05 06:27:21','2021-11-05 06:27:21'),(156,34,262,'10g','2021-11-05 06:27:21','2021-11-05 06:27:21'),(157,34,222,'小さじ1','2021-11-05 06:27:21','2021-11-05 06:27:21'),(158,34,91,'1枚','2021-11-05 06:27:21','2021-11-05 06:27:21'),(159,34,264,'80cc','2021-11-05 06:27:21','2021-11-05 06:27:21'),(160,34,258,'少々','2021-11-05 06:27:21','2021-11-05 06:27:21'),(161,35,275,'1個','2021-11-05 06:36:58','2021-11-05 06:36:58'),(162,35,192,'小さじ8','2021-11-05 06:36:58','2021-11-05 06:36:58'),(163,35,12,'大さじ4','2021-11-05 06:36:58','2021-11-05 06:36:58'),(164,35,182,'小さじ2 ＋ 小さじ1/2','2021-11-05 06:36:58','2021-11-05 06:36:58'),(165,35,264,'小さじ2','2021-11-05 06:36:58','2021-11-05 06:36:58'),(166,35,288,'60g','2021-11-05 06:36:58','2021-11-05 06:36:58'),(167,35,197,'20g','2021-11-05 06:36:58','2021-11-05 06:36:58'),(168,35,82,'4つ','2021-11-05 06:36:58','2021-11-05 06:36:58'),(169,36,147,'(厚さ1.5~2cm)120g・1人分','2021-11-05 06:55:55','2021-11-05 06:55:55'),(170,36,218,'小さじ1/2','2021-11-05 06:55:55','2021-11-05 06:55:55'),(171,36,80,'1/4個','2021-11-05 06:55:55','2021-11-05 06:55:55'),(172,36,262,'8g','2021-11-05 06:55:55','2021-11-05 06:55:55'),(173,36,72,'20g','2021-11-05 06:55:55','2021-11-05 06:55:55'),(174,36,22,'60g','2021-11-05 06:55:55','2021-11-05 06:55:55'),(175,36,286,'少々','2021-11-05 06:55:55','2021-11-05 06:55:55'),(176,37,122,'2個','2021-11-05 07:04:03','2021-11-05 07:04:03'),(177,37,140,'1/2枚','2021-11-05 07:04:03','2021-11-05 07:04:03'),(178,37,264,'60cc','2021-11-05 07:04:03','2021-11-05 07:04:03'),(179,37,267,'小さじ1/2','2021-11-05 07:04:03','2021-11-05 07:04:03'),(180,37,222,'小さじ1/4','2021-11-05 07:04:03','2021-11-05 07:04:03'),(181,38,39,'20g','2021-11-05 07:05:37','2021-11-05 07:05:37'),(182,38,37,'10g','2021-11-05 07:05:37','2021-11-05 07:05:37'),(189,41,12,'大さじ1','2021-11-05 09:50:59','2021-11-05 09:50:59'),(190,41,275,'1/4個(13g)','2021-11-05 09:50:59','2021-11-05 09:50:59'),(191,41,214,'少々','2021-11-05 09:50:59','2021-11-05 09:50:59'),(192,41,264,'大さじ1','2021-11-05 09:50:59','2021-11-05 09:50:59'),(193,41,262,'2g','2021-11-05 09:50:59','2021-11-05 09:50:59'),(194,41,229,'小さじ1','2021-11-05 09:50:59','2021-11-05 09:50:59'),(195,41,197,'小さじ1','2021-11-05 09:50:59','2021-11-05 09:50:59'),(196,41,82,'1つ','2021-11-05 09:50:59','2021-11-05 09:50:59'),(197,42,130,'100g × 4切れ(切り身)','2021-11-05 10:06:25','2021-11-05 10:06:25'),(198,42,45,'200g','2021-11-05 10:06:25','2021-11-05 10:06:25'),(199,42,73,'4本','2021-11-05 10:06:25','2021-11-05 10:06:25'),(200,42,74,'120g','2021-11-05 10:06:25','2021-11-05 10:06:25'),(201,42,109,'4g','2021-11-05 10:06:25','2021-11-05 10:06:25'),(202,42,220,'小さじ2','2021-11-05 10:06:25','2021-11-05 10:06:25'),(203,42,217,'大さじ3~','2021-11-05 10:06:25','2021-11-05 10:06:25'),(204,43,151,'320g','2021-11-05 10:15:15','2021-11-05 10:15:15'),(205,43,54,'60g','2021-11-05 10:15:15','2021-11-05 10:15:15'),(206,43,246,'小さじ1','2021-11-05 10:15:15','2021-11-05 10:15:15'),(207,44,156,'40g','2021-11-05 10:20:12','2021-11-05 10:20:12'),(208,44,59,'1個(葉付き)','2021-11-05 10:20:12','2021-11-05 10:20:12'),(209,44,3,'240cc','2021-11-05 10:20:12','2021-11-05 10:20:12'),(210,44,2,'大さじ1前後(みそ顆粒)','2021-11-05 10:20:12','2021-11-05 10:20:12'),(211,45,171,'160cc','2021-11-05 10:26:42','2021-11-05 10:26:42'),(212,45,276,'小さじ2','2021-11-05 10:26:42','2021-11-05 10:26:42'),(213,45,198,'40g','2021-11-05 10:26:42','2021-11-05 10:26:42'),(214,45,82,'4つ','2021-11-05 10:26:42','2021-11-05 10:26:42'),(215,45,171,'小さじ4','2021-11-05 10:26:42','2021-11-05 10:26:42'),(216,46,129,'切り身100g × 4切れ','2021-11-05 10:41:44','2021-11-05 10:41:44'),(217,46,12,'小さじ4','2021-11-05 10:41:44','2021-11-05 10:41:44'),(218,46,218,'小さじ2','2021-11-05 10:41:44','2021-11-05 10:41:44'),(219,46,51,'80g','2021-11-05 10:41:44','2021-11-05 10:41:44'),(220,46,59,'1個(葉付き)','2021-11-05 10:41:44','2021-11-05 10:41:44'),(221,46,72,'80g','2021-11-05 10:41:44','2021-11-05 10:41:44'),(222,46,222,'小さじ1/2','2021-11-05 10:41:44','2021-11-05 10:41:44'),(223,46,288,'大さじ4','2021-11-05 10:41:44','2021-11-05 10:41:44'),(224,46,280,'小さじ2','2021-11-05 10:41:44','2021-11-05 10:41:44'),(225,47,131,'4個','2021-11-05 10:55:39','2021-11-05 10:55:39'),(226,47,12,'小さじ1','2021-11-05 10:55:39','2021-11-05 10:55:39'),(227,47,218,'小さじ2','2021-11-05 10:55:39','2021-11-05 10:55:39'),(228,47,256,'8g','2021-11-05 10:55:39','2021-11-05 10:55:39'),(229,47,262,'16g','2021-11-05 10:55:39','2021-11-05 10:55:39'),(230,47,35,'120g','2021-11-05 10:55:39','2021-11-05 10:55:39'),(231,47,14,'200cc','2021-11-05 10:55:39','2021-11-05 10:55:39'),(232,47,172,'40cc','2021-11-05 10:55:39','2021-11-05 10:55:39'),(233,47,99,'24本','2021-11-05 10:55:39','2021-11-05 10:55:39'),(234,47,267,'小さじ2','2021-11-05 10:55:39','2021-11-05 10:55:39'),(235,48,42,'1/2個','2021-11-05 11:04:32','2021-11-05 11:04:32'),(236,48,192,'小さじ1','2021-11-05 11:04:32','2021-11-05 11:04:32'),(237,48,223,'小さじ1/4','2021-11-05 11:04:32','2021-11-05 11:04:32'),(238,48,277,'小さじ2','2021-11-05 11:04:32','2021-11-05 11:04:32'),(239,48,240,'小さじ1','2021-11-05 11:04:32','2021-11-05 11:04:32'),(240,48,280,'小さじ2','2021-11-05 11:04:32','2021-11-05 11:04:32'),(241,48,39,'80g','2021-11-05 11:04:32','2021-11-05 11:04:32'),(242,49,30,'2/3枚 (20 × 13cm)','2021-11-05 11:21:54','2021-11-05 11:21:54'),(243,49,264,'小さじ1','2021-11-05 11:21:54','2021-11-05 11:21:54'),(244,49,98,'16g','2021-11-05 11:21:54','2021-11-05 11:21:54'),(245,49,229,'小さじ8','2021-11-05 11:21:54','2021-11-05 11:21:54'),(246,49,264,'60cc','2021-11-05 11:21:54','2021-11-05 11:21:54'),(247,49,288,'小さじ4','2021-11-05 11:21:54','2021-11-05 11:21:54'),(248,49,196,'小さじ1','2021-11-05 11:21:54','2021-11-05 11:21:54'),(249,49,223,'少々','2021-11-05 11:21:54','2021-11-05 11:21:54'),(250,49,186,'小さじ1/2','2021-11-05 11:21:54','2021-11-05 11:21:54'),(251,49,196,'小さじ2','2021-11-05 11:21:54','2021-11-05 11:21:54'),(252,50,141,'280g','2021-11-06 02:17:02','2021-11-06 02:17:02'),(253,50,162,'40cc','2021-11-06 02:17:02','2021-11-06 02:17:02'),(254,50,35,'120g','2021-11-06 02:17:02','2021-11-06 02:17:02'),(255,50,37,'40g','2021-11-06 02:17:02','2021-11-06 02:17:02'),(256,50,51,'40g','2021-11-06 02:17:02','2021-11-06 02:17:02'),(257,50,266,'40g','2021-11-06 02:17:02','2021-11-06 02:17:02'),(258,50,209,'400g','2021-11-06 02:17:02','2021-11-06 02:17:02'),(259,50,264,'80cc','2021-11-06 02:17:02','2021-11-06 02:17:02'),(260,50,225,'160g','2021-11-06 02:17:02','2021-11-06 02:17:02'),(261,50,24,'8枚','2021-11-06 02:17:02','2021-11-06 02:17:02'),(262,51,35,'240g','2021-11-06 02:23:01','2021-11-06 02:23:01'),(263,51,218,'小さじ1','2021-11-06 02:23:01','2021-11-06 02:23:01'),(264,51,23,'10g × 4枚','2021-11-06 02:23:01','2021-11-06 02:23:01'),(265,51,266,'40g','2021-11-06 02:23:01','2021-11-06 02:23:01'),(266,52,119,'4枚','2021-11-06 02:27:15','2021-11-06 02:27:15'),(267,52,39,'80g','2021-11-06 02:27:15','2021-11-06 02:27:15'),(268,52,37,'40g','2021-11-06 02:27:15','2021-11-06 02:27:15'),(269,52,53,'20g','2021-11-06 02:27:15','2021-11-06 02:27:15'),(270,53,87,'1本','2021-11-06 02:33:49','2021-11-06 02:33:49'),(271,53,88,'4個','2021-11-06 02:33:49','2021-11-06 02:33:49'),(272,53,177,'1切れ(40g)','2021-11-06 02:33:49','2021-11-06 02:33:49'),(273,53,179,'20g','2021-11-06 02:33:49','2021-11-06 02:33:49'),(274,53,288,'40g','2021-11-06 02:33:49','2021-11-06 02:33:49'),(275,53,180,'小さじ1','2021-11-06 02:33:49','2021-11-06 02:33:49'),(276,53,82,'4つ','2021-11-06 02:33:49','2021-11-06 02:33:49'),(277,54,134,'400g','2021-11-06 05:20:47','2021-11-06 05:20:47'),(278,54,232,'小さじ2','2021-11-06 05:20:47','2021-11-06 05:20:47'),(279,54,234,'小さじ1','2021-11-06 05:20:47','2021-11-06 05:20:47'),(280,54,35,'120g','2021-11-06 05:20:47','2021-11-06 05:20:47'),(281,54,215,'小さじ1','2021-11-06 05:20:47','2021-11-06 05:20:47'),(282,54,266,'60g','2021-11-06 05:20:47','2021-11-06 05:20:47'),(283,54,234,'お好みで小さじ1','2021-11-06 05:20:47','2021-11-06 05:20:47'),(284,54,286,'小さじ1/2','2021-11-06 05:20:47','2021-11-06 05:20:47'),(285,54,279,'大さじ1','2021-11-06 05:20:47','2021-11-06 05:20:47'),(286,55,57,'60g','2021-11-06 05:32:11','2021-11-06 05:32:11'),(287,55,109,'8g','2021-11-06 05:32:11','2021-11-06 05:32:11'),(288,55,282,'80g','2021-11-06 05:32:11','2021-11-06 05:32:11'),(289,55,37,'80g','2021-11-06 05:32:11','2021-11-06 05:32:11'),(290,55,120,'20g','2021-11-06 05:32:11','2021-11-06 05:32:11'),(291,55,60,'80g','2021-11-06 05:32:11','2021-11-06 05:32:11'),(292,55,14,'200cc','2021-11-06 05:32:11','2021-11-06 05:32:11'),(293,55,275,'温泉卵4個','2021-11-06 05:32:11','2021-11-06 05:32:11'),(294,55,234,'小さじ2','2021-11-06 05:32:11','2021-11-06 05:32:11'),(295,56,211,'小さじ2','2021-11-06 05:38:56','2021-11-06 05:38:56'),(296,56,275,'1個','2021-11-06 05:38:56','2021-11-06 05:38:56'),(297,56,215,'小さじ1/2','2021-11-06 05:38:56','2021-11-06 05:38:56'),(298,56,105,'4g','2021-11-06 05:38:56','2021-11-06 05:38:56'),(299,56,5,'小さじ1','2021-11-06 05:38:56','2021-11-06 05:38:56'),(300,57,275,'1個','2021-11-06 05:45:32','2021-11-06 05:45:32'),(301,57,192,'大さじ4','2021-11-06 05:45:32','2021-11-06 05:45:32'),(302,57,264,'40cc','2021-11-06 05:45:32','2021-11-06 05:45:32'),(303,57,215,'小さじ8','2021-11-06 05:45:32','2021-11-06 05:45:32'),(304,57,12,'60g','2021-11-06 05:45:32','2021-11-06 05:45:32'),(305,57,227,'20g','2021-11-06 05:45:32','2021-11-06 05:45:32'),(306,57,231,'小さじ1/2','2021-11-06 05:45:32','2021-11-06 05:45:32'),(307,57,163,'40g','2021-11-06 05:45:32','2021-11-06 05:45:32'),(308,58,141,'480g','2021-11-06 06:24:01','2021-11-06 06:24:01'),(309,58,212,'小さじ2','2021-11-06 06:24:01','2021-11-06 06:24:01'),(310,58,35,'120g','2021-11-06 06:24:01','2021-11-06 06:24:01'),(311,58,17,'大さじ8','2021-11-06 06:24:01','2021-11-06 06:24:01'),(312,58,264,'大さじ4','2021-11-06 06:24:01','2021-11-06 06:24:01'),(313,58,275,'1個','2021-11-06 06:24:01','2021-11-06 06:24:01'),(314,58,144,'30g × 4枚','2021-11-06 06:24:01','2021-11-06 06:24:01'),(315,58,22,'320g','2021-11-06 06:24:01','2021-11-06 06:24:01'),(316,58,160,'8粒','2021-11-06 06:24:01','2021-11-06 06:24:01'),(317,58,83,'4つ','2021-11-06 06:24:01','2021-11-06 06:24:01'),(318,59,51,'200g','2021-11-06 06:26:23','2021-11-06 06:26:23'),(319,59,262,'20g','2021-11-06 06:26:23','2021-11-06 06:26:23'),(320,59,222,'小さじ1','2021-11-06 06:26:23','2021-11-06 06:26:23'),(326,61,39,'80g','2021-11-06 06:39:35','2021-11-06 06:39:35'),(327,61,53,'40g','2021-11-06 06:39:35','2021-11-06 06:39:35'),(328,61,34,'1本','2021-11-06 06:39:35','2021-11-06 06:39:35'),(329,61,51,'40g','2021-11-06 06:39:35','2021-11-06 06:39:35'),(330,61,86,'1個','2021-11-06 06:39:35','2021-11-06 06:39:35'),(331,61,283,'小さじ8','2021-11-06 06:39:35','2021-11-06 06:39:35'),(332,62,275,'2個','2021-11-06 06:50:34','2021-11-06 06:50:34'),(333,62,264,'100cc','2021-11-06 06:50:34','2021-11-06 06:50:34'),(334,62,288,'40g','2021-11-06 06:50:34','2021-11-06 06:50:34'),(335,62,192,'大さじ2','2021-11-06 06:50:34','2021-11-06 06:50:34'),(336,63,134,'140g × 4枚','2021-11-06 10:11:33','2021-11-06 10:11:33'),(337,63,275,'1個','2021-11-06 10:11:33','2021-11-06 10:11:33'),(338,63,239,'8切れ','2021-11-06 10:11:33','2021-11-06 10:11:33'),(339,63,35,'40g','2021-11-06 10:11:33','2021-11-06 10:11:33'),(340,63,282,'40g','2021-11-06 10:11:33','2021-11-06 10:11:33'),(341,63,208,'大さじ2','2021-11-06 10:11:33','2021-11-06 10:11:33'),(342,63,33,'80g','2021-11-06 10:11:33','2021-11-06 10:11:33'),(343,63,42,'1/2個','2021-11-06 10:11:33','2021-11-06 10:11:33'),(344,63,80,'1/2個','2021-11-06 10:11:33','2021-11-06 10:11:33'),(354,65,55,'40g','2021-11-06 10:20:43','2021-11-06 10:20:43'),(355,65,219,'小さじ1','2021-11-06 10:20:43','2021-11-06 10:20:43'),(356,65,275,'1個','2021-11-06 10:20:43','2021-11-06 10:20:43'),(357,65,2,'小さじ4前後','2021-11-06 10:20:43','2021-11-06 10:20:43'),(358,66,122,'200g','2021-11-06 10:26:27','2021-11-06 10:26:27'),(359,66,249,'大さじ1','2021-11-06 10:26:27','2021-11-06 10:26:27'),(360,66,64,'160g','2021-11-06 10:26:27','2021-11-06 10:26:27'),(361,66,65,'4本','2021-11-06 10:26:27','2021-11-06 10:26:27'),(362,66,278,'少々','2021-11-06 10:26:27','2021-11-06 10:26:27'),(363,67,276,'小さじ2','2021-11-06 10:39:50','2021-11-06 10:39:50'),(364,67,288,'40g','2021-11-06 10:39:50','2021-11-06 10:39:50'),(365,67,229,'大さじ2','2021-11-06 10:39:50','2021-11-06 10:39:50'),(366,67,192,'小さじ4','2021-11-06 10:39:50','2021-11-06 10:39:50'),(367,67,169,'小さじ1','2021-11-06 10:39:50','2021-11-06 10:39:50'),(368,67,3,'160cc','2021-11-06 10:39:50','2021-11-06 10:39:50'),(369,67,6,'60g','2021-11-06 10:39:50','2021-11-06 10:39:50'),(370,68,14,'160cc','2021-11-06 15:28:08','2021-11-06 15:28:08'),(371,68,278,'少々','2021-11-06 15:28:08','2021-11-06 15:28:08'),(372,68,106,'2枚','2021-11-06 15:28:08','2021-11-06 15:28:08'),(373,68,201,'4つ','2021-11-06 15:28:08','2021-11-06 15:28:08'),(374,69,141,'200g','2021-11-06 15:38:56','2021-11-06 15:38:56'),(375,69,35,'60g','2021-11-06 15:38:56','2021-11-06 15:38:56'),(376,69,17,'小さじ8','2021-11-06 15:38:56','2021-11-06 15:38:56'),(377,69,158,'80cc(無塩)','2021-11-06 15:38:56','2021-11-06 15:38:56'),(378,69,232,'小さじ2','2021-11-06 15:38:56','2021-11-06 15:38:56'),(379,69,39,'40g','2021-11-06 15:38:56','2021-11-06 15:38:56'),(380,70,127,'殻付で4尾(1尾20g)','2021-11-06 15:46:54','2021-11-06 15:46:54'),(381,70,20,'2枚','2021-11-06 15:46:54','2021-11-06 15:46:54'),(382,70,46,'4枚','2021-11-06 15:46:54','2021-11-06 15:46:54'),(383,70,284,'小さじ1','2021-11-06 15:46:54','2021-11-06 15:46:54'),(384,70,12,'小さじ1','2021-11-06 15:46:54','2021-11-06 15:46:54'),(385,71,22,'200g','2021-11-06 15:51:29','2021-11-06 15:51:29'),(386,71,64,'4本(40g)','2021-11-06 15:51:29','2021-11-06 15:51:29'),(387,71,140,'2枚','2021-11-06 15:51:29','2021-11-06 15:51:29'),(388,71,219,'小さじ1/2','2021-11-06 15:51:29','2021-11-06 15:51:29'),(389,71,240,'小さじ1','2021-11-06 15:51:29','2021-11-06 15:51:29'),(390,72,200,'小さじ1','2021-11-06 15:56:27','2021-11-06 15:56:27'),(391,72,277,'小さじ4','2021-11-06 15:56:27','2021-11-06 15:56:27'),(392,72,45,'30g','2021-11-06 15:56:27','2021-11-06 15:56:27'),(393,73,275,'2個','2021-11-06 15:59:22','2021-11-06 15:59:22'),(394,73,192,'小さじ2','2021-11-06 15:59:22','2021-11-06 15:59:22'),(395,74,175,'8g','2021-11-06 16:07:37','2021-11-06 16:07:37'),(396,74,12,'40g','2021-11-06 16:07:37','2021-11-06 16:07:37'),(397,74,184,'60g','2021-11-06 16:07:37','2021-11-06 16:07:37'),(398,75,141,'200g','2021-11-06 16:22:27','2021-11-06 16:22:27'),(399,75,35,'120g','2021-11-06 16:22:27','2021-11-06 16:22:27'),(400,75,17,'大さじ4','2021-11-06 16:22:27','2021-11-06 16:22:27'),(401,75,264,'40cc','2021-11-06 16:22:27','2021-11-06 16:22:27'),(402,75,275,'1個','2021-11-06 16:22:27','2021-11-06 16:22:27'),(403,75,256,'8g','2021-11-06 16:22:27','2021-11-06 16:22:27'),(404,75,158,'無塩で200cc','2021-11-06 16:22:27','2021-11-06 16:22:27'),(405,75,132,'20g','2021-11-06 16:22:27','2021-11-06 16:22:27'),(406,75,288,'60g','2021-11-06 16:22:27','2021-11-06 16:22:27'),(407,76,275,'4個','2021-11-06 17:22:20','2021-11-06 17:22:20'),(408,76,64,'80g','2021-11-06 17:22:20','2021-11-06 17:22:20'),(409,76,55,'160g','2021-11-06 17:22:20','2021-11-06 17:22:20'),(410,76,278,'小さじ1/8','2021-11-06 17:22:20','2021-11-06 17:22:20'),(411,76,85,'1個','2021-11-06 17:22:20','2021-11-06 17:22:20'),(412,76,208,'小さじ8','2021-11-06 17:22:20','2021-11-06 17:22:20'),(413,76,267,'小さじ4','2021-11-06 17:22:20','2021-11-06 17:22:20'),(414,76,241,'少々','2021-11-06 17:22:20','2021-11-06 17:22:20'),(415,76,264,'20cc','2021-11-06 17:22:20','2021-11-06 17:22:20'),(416,77,11,'160g','2021-11-06 17:33:26','2021-11-06 17:33:26'),(417,77,12,'120g','2021-11-06 17:33:26','2021-11-06 17:33:26'),(418,77,164,'小さじ1','2021-11-06 17:33:26','2021-11-06 17:33:26'),(419,77,192,'大さじ2','2021-11-06 17:33:26','2021-11-06 17:33:26'),(420,77,218,'小さじ4','2021-11-06 17:33:26','2021-11-06 17:33:26'),(421,77,270,'4/5個(72g)','2021-11-06 17:33:26','2021-11-06 17:33:26'),(422,77,266,'40g','2021-11-06 17:33:26','2021-11-06 17:33:26'),(423,78,288,'60g','2021-11-06 17:39:30','2021-11-06 17:39:30'),(424,78,264,'140cc','2021-11-06 17:39:30','2021-11-06 17:39:30'),(425,78,192,'小さじ4','2021-11-06 17:39:30','2021-11-06 17:39:30'),(426,78,276,'小さじ4','2021-11-06 17:39:30','2021-11-06 17:39:30'),(427,78,92,'1個','2021-11-06 17:39:30','2021-11-06 17:39:30'),(428,78,82,'4つ','2021-11-06 17:39:30','2021-11-06 17:39:30'),(429,79,275,'2個','2021-11-06 18:06:18','2021-11-06 18:06:18'),(430,79,256,'8g','2021-11-06 18:06:18','2021-11-06 18:06:18'),(431,79,35,'200g','2021-11-06 18:06:18','2021-11-06 18:06:18'),(432,79,112,'8個','2021-11-06 18:06:18','2021-11-06 18:06:18'),(433,79,162,'小さじ4','2021-11-06 18:06:18','2021-11-06 18:06:18'),(434,79,224,'1缶(290g)','2021-11-06 18:06:18','2021-11-06 18:06:18'),(435,79,213,'小さじ2','2021-11-06 18:06:18','2021-11-06 18:06:18'),(436,79,176,'小さじ2','2021-11-06 18:06:18','2021-11-06 18:06:18'),(437,79,232,'小さじ1','2021-11-06 18:06:18','2021-11-06 18:06:18'),(438,79,14,'240cc','2021-11-06 18:06:18','2021-11-06 18:06:18'),(439,80,85,'1/4個','2021-11-07 14:43:55','2021-11-07 14:43:55'),(440,80,38,'30g','2021-11-07 14:43:55','2021-11-07 14:43:55'),(441,80,34,'1/4本','2021-11-07 14:43:55','2021-11-07 14:43:55'),(442,80,26,'20g','2021-11-07 14:43:55','2021-11-07 14:43:55'),(443,80,7,'10g','2021-11-07 14:43:55','2021-11-07 14:43:55'),(444,80,93,'2個','2021-11-07 14:43:55','2021-11-07 14:43:55'),(445,80,39,'15g','2021-11-07 14:43:55','2021-11-07 14:43:55'),(446,80,283,'小さじ1 × 4','2021-11-07 14:43:55','2021-11-07 14:43:55'),(447,81,262,'20g','2021-11-07 14:51:04','2021-11-07 14:51:04'),(448,81,186,'小さじ2','2021-11-07 14:51:04','2021-11-07 14:51:04'),(449,81,12,'小さじ10','2021-11-07 14:51:04','2021-11-07 14:51:04'),(450,81,227,'大さじ1','2021-11-07 14:51:04','2021-11-07 14:51:04'),(451,81,187,'小さじ1/4','2021-11-07 14:51:04','2021-11-07 14:51:04'),(452,82,136,'100g','2021-11-07 15:08:08','2021-11-07 15:08:08'),(453,82,143,'100g','2021-11-07 15:08:08','2021-11-07 15:08:08'),(454,82,244,'小さじ2','2021-11-07 15:08:08','2021-11-07 15:08:08'),(455,82,243,'小さじ2','2021-11-07 15:08:08','2021-11-07 15:08:08'),(456,82,284,'小さじ2','2021-11-07 15:08:08','2021-11-07 15:08:08'),(457,82,285,'小さじ2','2021-11-07 15:08:08','2021-11-07 15:08:08'),(458,82,8,'600g','2021-11-07 15:08:08','2021-11-07 15:08:08'),(459,82,245,'32g','2021-11-07 15:08:08','2021-11-07 15:08:08'),(460,82,242,'大さじ1','2021-11-07 15:08:08','2021-11-07 15:08:08'),(461,82,215,'小さじ1','2021-11-07 15:08:08','2021-11-07 15:08:08'),(462,83,136,'200g','2021-11-07 16:00:37','2021-11-07 16:00:37'),(463,83,34,'1本','2021-11-07 16:00:37','2021-11-07 16:00:37'),(464,83,42,'1個','2021-11-07 16:00:37','2021-11-07 16:00:37'),(465,83,249,'大さじ1','2021-11-07 16:00:37','2021-11-07 16:00:37'),(466,83,284,'小さじ1','2021-11-07 16:00:37','2021-11-07 16:00:37'),(467,83,285,'小さじ1','2021-11-07 16:00:37','2021-11-07 16:00:37'),(468,83,244,'小さじ1/2','2021-11-07 16:00:37','2021-11-07 16:00:37'),(469,84,275,'2個 × 2','2021-11-07 16:07:55','2021-11-07 16:07:55'),(470,84,156,'20g × 2','2021-11-07 16:07:55','2021-11-07 16:07:55'),(471,84,284,'小さじ1/2 × 2','2021-11-07 16:07:55','2021-11-07 16:07:55'),(472,84,14,'240cc','2021-11-07 16:07:55','2021-11-07 16:07:55'),(473,84,279,'小さじ1/2 × 2','2021-11-07 16:07:55','2021-11-07 16:07:55'),(474,85,276,'小さじ2','2021-11-07 16:15:58','2021-11-07 16:15:58'),(475,85,264,'160cc','2021-11-07 16:15:58','2021-11-07 16:15:58'),(476,85,192,'大さじ2','2021-11-07 16:15:58','2021-11-07 16:15:58'),(477,85,288,'40g','2021-11-07 16:15:58','2021-11-07 16:15:58'),(478,85,228,'適量','2021-11-07 16:15:58','2021-11-07 16:15:58'),(479,85,290,'12粒','2021-11-07 16:15:58','2021-11-07 16:15:58'),(480,86,142,'320g','2021-11-07 16:35:13','2021-11-07 16:35:13'),(481,86,94,'4本','2021-11-07 16:35:13','2021-11-07 16:35:13'),(482,86,176,'小さじ2','2021-11-07 16:35:13','2021-11-07 16:35:13'),(483,86,141,'320g','2021-11-07 16:35:13','2021-11-07 16:35:13'),(484,86,140,'2枚','2021-11-07 16:35:13','2021-11-07 16:35:13'),(485,86,17,'大さじ4','2021-11-07 16:35:13','2021-11-07 16:35:13'),(486,86,264,'40cc','2021-11-07 16:35:13','2021-11-07 16:35:13'),(487,86,35,'120g','2021-11-07 16:35:13','2021-11-07 16:35:13'),(488,86,209,'200g','2021-11-07 16:35:13','2021-11-07 16:35:13'),(489,86,268,'60g','2021-11-07 16:35:13','2021-11-07 16:35:13'),(490,87,122,'240g','2021-11-07 16:51:55','2021-11-07 16:51:55'),(491,87,172,'40cc','2021-11-07 16:51:55','2021-11-07 16:51:55'),(492,87,256,'12g','2021-11-07 16:51:55','2021-11-07 16:51:55'),(493,87,35,'120g','2021-11-07 16:51:55','2021-11-07 16:51:55'),(494,87,14,'240cc','2021-11-07 16:51:55','2021-11-07 16:51:55'),(495,87,42,'1個','2021-11-07 16:51:55','2021-11-07 16:51:55'),(496,87,80,'1/2個','2021-11-07 16:51:55','2021-11-07 16:51:55'),(497,88,36,'120g','2021-11-08 00:55:15','2021-11-08 00:55:15'),(498,88,39,'60g','2021-11-08 00:55:15','2021-11-08 00:55:15'),(499,88,283,'小さじ4','2021-11-08 00:55:15','2021-11-08 00:55:15'),(500,89,188,'40g','2021-11-08 02:21:28','2021-11-08 02:21:28'),(501,89,170,'小さじ2','2021-11-08 02:21:28','2021-11-08 02:21:28'),(502,89,276,'小さじ1','2021-11-08 02:21:28','2021-11-08 02:21:28'),(503,89,171,'400cc','2021-11-08 02:21:28','2021-11-08 02:21:28'),(504,89,88,'4個','2021-11-08 02:21:28','2021-11-08 02:21:28'),(510,91,147,'厚さ2cm・240g × 2枚','2021-11-08 02:35:10','2021-11-08 02:35:10'),(511,91,258,'20g','2021-11-08 02:35:10','2021-11-08 02:35:10'),(512,91,45,'200g','2021-11-08 02:35:10','2021-11-08 02:35:10'),(513,91,40,'20g','2021-11-08 02:35:10','2021-11-08 02:35:10'),(514,91,50,'4個','2021-11-08 02:35:10','2021-11-08 02:35:10'),(515,92,14,'240cc','2021-11-08 02:47:31','2021-11-08 02:47:31'),(516,92,256,'20g','2021-11-08 02:47:31','2021-11-08 02:47:31'),(517,92,218,'小さじ4','2021-11-08 02:47:31','2021-11-08 02:47:31'),(518,93,14,'240cc','2021-11-08 02:53:58','2021-11-08 02:53:58'),(519,93,256,'20g','2021-11-08 02:53:58','2021-11-08 02:53:58'),(520,93,218,'小さじ4','2021-11-08 02:53:58','2021-11-08 02:53:58'),(521,93,176,'小さじ1','2021-11-08 02:53:58','2021-11-08 02:53:58'),(522,94,55,'200g','2021-11-08 03:00:23','2021-11-08 03:00:23'),(523,94,183,'2枚','2021-11-08 03:00:23','2021-11-08 03:00:23'),(524,95,269,'100g','2021-11-08 03:10:55','2021-11-08 03:10:55'),(525,95,289,'小さじ4','2021-11-08 03:10:55','2021-11-08 03:10:55'),(526,95,264,'60cc','2021-11-08 03:10:55','2021-11-08 03:10:55'),(527,95,271,'40g','2021-11-08 03:10:55','2021-11-08 03:10:55'),(528,95,288,'80g','2021-11-08 03:10:55','2021-11-08 03:10:55'),(529,95,178,'40g','2021-11-08 03:10:55','2021-11-08 03:10:55'),(530,95,183,'2枚','2021-11-08 03:10:55','2021-11-08 03:10:55'),(531,95,189,'小さじ2','2021-11-08 03:10:55','2021-11-08 03:10:55'),(532,95,82,'4つ','2021-11-08 03:10:55','2021-11-08 03:10:55'),(533,96,140,'2枚','2021-11-08 06:33:11','2021-11-08 06:33:11'),(534,96,256,'8g','2021-11-08 06:33:11','2021-11-08 06:33:11'),(535,96,35,'80g','2021-11-08 06:33:11','2021-11-08 06:33:11'),(536,96,226,'160g','2021-11-08 06:33:11','2021-11-08 06:33:11'),(537,96,264,'80cc','2021-11-08 06:33:11','2021-11-08 06:33:11'),(538,96,21,'120g','2021-11-08 06:33:11','2021-11-08 06:33:11'),(539,96,124,'40g','2021-11-08 06:33:11','2021-11-08 06:33:11'),(540,96,95,'2g','2021-11-08 06:33:11','2021-11-08 06:33:11'),(541,96,119,'4枚','2021-11-08 06:33:11','2021-11-08 06:33:11'),(542,96,21,'120g','2021-11-08 06:33:11','2021-11-08 06:33:11'),(543,97,134,'100g × 4枚','2021-11-08 06:40:43','2021-11-08 06:40:43'),(544,97,84,'小さじ1/2','2021-11-08 06:40:43','2021-11-08 06:40:43'),(545,97,39,'60g','2021-11-08 06:40:43','2021-11-08 06:40:43'),(546,97,53,'20g','2021-11-08 06:40:43','2021-11-08 06:40:43'),(547,97,93,'8個','2021-11-08 06:40:43','2021-11-08 06:40:43'),(548,97,256,'8g','2021-11-08 06:40:43','2021-11-08 06:40:43'),(549,98,271,'240g','2021-11-08 06:45:54','2021-11-08 06:45:54'),(550,98,86,'1個','2021-11-08 06:45:54','2021-11-08 06:45:54'),(551,98,81,'小さじ2','2021-11-08 06:45:54','2021-11-08 06:45:54'),(552,98,82,'4つ','2021-11-08 06:45:54','2021-11-08 06:45:54'),(553,99,148,'4本(1本60g位)','2021-11-08 07:41:47','2021-11-08 07:41:47'),(554,99,134,'320g','2021-11-08 07:41:48','2021-11-08 07:41:48'),(555,99,271,'120g','2021-11-08 07:41:48','2021-11-08 07:41:48'),(556,99,19,'32g','2021-11-08 07:41:48','2021-11-08 07:41:48'),(557,99,217,'大さじ2','2021-11-08 07:41:48','2021-11-08 07:41:48'),(558,99,234,'小さじ4','2021-11-08 07:41:48','2021-11-08 07:41:48'),(559,99,191,'小さじ2','2021-11-08 07:41:48','2021-11-08 07:41:48'),(560,99,286,'小さじ1','2021-11-08 07:41:48','2021-11-08 07:41:48'),(561,99,287,'小さじ1','2021-11-08 07:41:48','2021-11-08 07:41:48'),(562,100,14,'200cc','2021-11-08 07:48:26','2021-11-08 07:48:26'),(563,100,234,'小さじ4','2021-11-08 07:48:26','2021-11-08 07:48:26'),(564,100,106,'2枚','2021-11-08 07:48:26','2021-11-08 07:48:26'),(565,100,261,'4枚','2021-11-08 07:48:26','2021-11-08 07:48:26'),(566,101,125,'12g','2021-11-08 07:53:07','2021-11-08 07:53:07'),(567,101,283,'小さじ1/2','2021-11-08 07:53:07','2021-11-08 07:53:07'),(568,101,109,'8g','2021-11-08 07:53:07','2021-11-08 07:53:07'),(569,101,39,'80g','2021-11-08 07:53:07','2021-11-08 07:53:07'),(570,102,190,'40g','2021-11-08 08:08:44','2021-11-08 08:08:44'),(571,102,227,'40g','2021-11-08 08:08:44','2021-11-08 08:08:44'),(572,102,263,'40g','2021-11-08 08:08:44','2021-11-08 08:08:44'),(573,102,96,'4個','2021-11-08 08:08:44','2021-11-08 08:08:44'),(574,102,186,'40g','2021-11-08 08:08:44','2021-11-08 08:08:44'),(575,103,28,'400g','2021-11-08 08:32:08','2021-11-08 08:32:08'),(576,103,248,'小さじ2','2021-11-08 08:32:08','2021-11-08 08:32:08'),(577,103,216,'小さじ1','2021-11-08 08:32:08','2021-11-08 08:32:08'),(578,103,249,'小さじ2','2021-11-08 08:32:08','2021-11-08 08:32:08'),(579,103,42,'1/2個','2021-11-08 08:32:08','2021-11-08 08:32:08'),(580,103,66,'30g','2021-11-08 08:32:08','2021-11-08 08:32:08'),(581,103,54,'20g','2021-11-08 08:32:08','2021-11-08 08:32:08'),(582,103,281,'8g','2021-11-08 08:32:08','2021-11-08 08:32:08'),(583,103,105,'2g','2021-11-08 08:32:08','2021-11-08 08:32:08'),(584,103,275,'4個','2021-11-08 08:32:08','2021-11-08 08:32:08'),(585,104,116,'100g','2021-11-08 08:44:19','2021-11-08 08:44:19'),(586,104,143,'60g','2021-11-08 08:44:19','2021-11-08 08:44:19'),(587,104,249,'小さじ1','2021-11-08 08:44:19','2021-11-08 08:44:19'),(588,104,284,'小さじ1','2021-11-08 08:44:19','2021-11-08 08:44:19'),(589,104,285,'小さじ1','2021-11-08 08:44:19','2021-11-08 08:44:19'),(590,104,27,'16枚','2021-11-08 08:44:19','2021-11-08 08:44:19'),(591,104,54,'20g','2021-11-08 08:44:19','2021-11-08 08:44:19'),(592,105,275,'4個','2021-11-08 08:53:49','2021-11-08 08:53:49'),(593,105,264,'240cc','2021-11-08 08:53:49','2021-11-08 08:53:49'),(594,105,289,'小さじ4','2021-11-08 08:53:49','2021-11-08 08:53:49'),(595,105,214,'適量','2021-11-08 08:53:49','2021-11-08 08:53:49'),(596,105,169,'小さじ1/2','2021-11-08 08:53:49','2021-11-08 08:53:49'),(597,106,134,'320g','2021-11-08 09:05:54','2021-11-08 09:05:54'),(598,106,283,'小さじ4','2021-11-08 09:05:54','2021-11-08 09:05:54'),(599,106,62,'80g','2021-11-08 09:05:54','2021-11-08 09:05:54'),(600,106,61,'80g','2021-11-08 09:05:54','2021-11-08 09:05:54'),(601,106,44,'60g','2021-11-08 09:05:54','2021-11-08 09:05:54'),(602,106,38,'60g','2021-11-08 09:05:54','2021-11-08 09:05:54'),(603,106,67,'2本','2021-11-08 09:05:54','2021-11-08 09:05:54'),(604,107,68,'4本','2021-11-08 09:09:09','2021-11-08 09:09:09'),(605,107,69,'2本','2021-11-08 09:09:09','2021-11-08 09:09:09'),(606,107,2,'小さじ8','2021-11-08 09:09:09','2021-11-08 09:09:09'),(607,108,275,'2個','2021-11-08 09:22:35','2021-11-08 09:22:35'),(608,108,272,'1個','2021-11-08 09:22:35','2021-11-08 09:22:35'),(609,108,203,'小さじ2','2021-11-08 09:22:35','2021-11-08 09:22:35'),(610,108,283,'小さじ2','2021-11-08 09:22:35','2021-11-08 09:22:35'),(611,109,40,'200g','2021-11-08 10:21:04','2021-11-08 10:21:04'),(612,109,283,'小さじ4','2021-11-08 10:21:04','2021-11-08 10:21:04'),(613,109,192,'小さじ1','2021-11-08 10:21:04','2021-11-08 10:21:04'),(614,110,181,'2本(30g)','2021-11-08 10:23:53','2021-11-08 10:23:53'),(615,110,193,'80g','2021-11-08 10:23:53','2021-11-08 10:23:53'),(616,110,194,'小さじ4','2021-11-08 10:23:53','2021-11-08 10:23:53'),(617,111,35,'240g','2021-11-08 10:43:43','2021-11-08 10:43:43'),(618,111,51,'トッピング用とペースト用で各80g','2021-11-08 10:43:43','2021-11-08 10:43:43'),(619,111,166,'小さじ1','2021-11-08 10:43:43','2021-11-08 10:43:43'),(620,111,230,'大さじ8','2021-11-08 10:43:43','2021-11-08 10:43:43'),(621,111,61,'200g','2021-11-08 10:43:43','2021-11-08 10:43:43'),(622,111,68,'4本','2021-11-08 10:43:43','2021-11-08 10:43:43'),(623,111,67,'1本','2021-11-08 10:43:43','2021-11-08 10:43:43'),(624,111,56,'60g','2021-11-08 10:43:43','2021-11-08 10:43:43'),(625,111,14,'240cc','2021-11-08 10:43:43','2021-11-08 10:43:43'),(626,111,247,'小さじ1/2','2021-11-08 10:43:43','2021-11-08 10:43:43'),(627,112,14,'240cc','2021-11-08 10:47:46','2021-11-08 10:47:46'),(628,112,247,'小さじ1/2','2021-11-08 10:47:46','2021-11-08 10:47:46'),(629,113,137,'4本(1本40g位)','2021-11-08 10:54:09','2021-11-08 10:54:09'),(630,113,206,'小さじ2','2021-11-08 10:54:09','2021-11-08 10:54:09'),(631,113,235,'小さじ2','2021-11-08 10:54:09','2021-11-08 10:54:09'),(632,113,230,'小さじ2','2021-11-08 10:54:09','2021-11-08 10:54:09'),(633,113,12,'小さじ2','2021-11-08 10:54:09','2021-11-08 10:54:09'),(634,114,85,'1個','2021-11-08 10:59:51','2021-11-08 10:59:51'),(635,114,42,'1個','2021-11-08 10:59:51','2021-11-08 10:59:51'),(636,114,39,'60g','2021-11-08 10:59:51','2021-11-08 10:59:51'),(637,114,235,'小さじ1/2','2021-11-08 10:59:51','2021-11-08 10:59:51'),(638,114,264,'小さじ1','2021-11-08 10:59:51','2021-11-08 10:59:51'),(639,114,208,'大さじ2','2021-11-08 10:59:51','2021-11-08 10:59:51'),(640,115,264,'200cc','2021-11-08 11:02:13','2021-11-08 11:02:13'),(641,115,230,'小さじ8','2021-11-08 11:02:13','2021-11-08 11:02:13'),(642,115,176,'小さじ2','2021-11-08 11:02:13','2021-11-08 11:02:13'),(643,115,271,'80g','2021-11-08 11:02:13','2021-11-08 11:02:13'),(644,116,141,'400g','2021-11-08 14:01:15','2021-11-08 14:01:15'),(645,116,250,'小さじ4','2021-11-08 14:01:15','2021-11-08 14:01:15'),(646,116,17,'大さじ8','2021-11-08 14:01:15','2021-11-08 14:01:15'),(647,116,264,'大さじ4','2021-11-08 14:01:15','2021-11-08 14:01:15'),(648,116,275,'4個','2021-11-08 14:01:15','2021-11-08 14:01:15'),(649,116,75,'4本','2021-11-08 14:01:15','2021-11-08 14:01:15'),(650,116,33,'60g','2021-11-08 14:01:15','2021-11-08 14:01:15'),(651,116,50,'4個','2021-11-08 14:01:15','2021-11-08 14:01:15'),(652,116,80,'1/2個','2021-11-08 14:01:15','2021-11-08 14:01:15'),(653,117,9,'20g','2021-11-08 14:26:51','2021-11-08 14:26:51'),(654,117,14,'200cc','2021-11-08 14:26:51','2021-11-08 14:26:51'),(655,117,250,'小さじ2','2021-11-08 14:26:51','2021-11-08 14:26:51'),(656,118,67,'2本','2021-11-08 14:31:07','2021-11-08 14:31:07'),(657,118,250,'小さじ1','2021-11-08 14:31:07','2021-11-08 14:31:07'),(658,118,2,'28g前後','2021-11-08 14:31:07','2021-11-08 14:31:07'),(659,118,284,'小さじ1','2021-11-08 14:31:07','2021-11-08 14:31:07'),(660,119,31,'32g','2021-11-08 14:43:08','2021-11-08 14:43:08'),(661,119,192,'小さじ8','2021-11-08 14:43:08','2021-11-08 14:43:08'),(662,119,100,'12g','2021-11-08 14:43:08','2021-11-08 14:43:08'),(663,119,169,'小さじ1/2','2021-11-08 14:43:08','2021-11-08 14:43:08'),(664,120,143,'240g','2021-11-09 12:29:58','2021-11-09 12:29:58'),(665,120,76,'80g','2021-11-09 12:29:58','2021-11-09 12:29:58'),(666,120,38,'60g','2021-11-09 12:29:58','2021-11-09 12:29:58'),(667,120,70,'60g','2021-11-09 12:29:58','2021-11-09 12:29:58'),(668,120,275,'4個','2021-11-09 12:29:58','2021-11-09 12:29:58'),(669,120,14,'240cc','2021-11-09 12:29:58','2021-11-09 12:29:58'),(670,121,116,'40g','2021-11-09 12:39:26','2021-11-09 12:39:26'),(671,121,143,'40g','2021-11-09 12:39:26','2021-11-09 12:39:26'),(672,121,76,'40g','2021-11-09 12:39:26','2021-11-09 12:39:26'),(673,121,207,'小さじ2','2021-11-09 12:39:26','2021-11-09 12:39:26'),(674,122,145,'120g','2021-11-09 12:47:50','2021-11-09 12:47:50'),(675,122,39,'60g','2021-11-09 12:47:50','2021-11-09 12:47:50'),(676,122,36,'40g','2021-11-09 12:47:50','2021-11-09 12:47:50'),(677,122,82,'4g','2021-11-09 12:47:50','2021-11-09 12:47:50'),(678,122,206,'小さじ2','2021-11-09 12:47:50','2021-11-09 12:47:50'),(679,123,101,'120g','2021-11-09 12:50:17','2021-11-09 12:50:17'),(680,123,273,'小さじ4','2021-11-09 12:50:17','2021-11-09 12:50:17'),(681,123,82,'4つ','2021-11-09 12:50:17','2021-11-09 12:50:17'),(682,124,11,'100g','2021-11-09 13:02:47','2021-11-09 13:02:47'),(683,124,12,'20g','2021-11-09 13:02:47','2021-11-09 13:02:47'),(684,124,143,'120g','2021-11-09 13:02:47','2021-11-09 13:02:47'),(685,124,276,'小さじ2','2021-11-09 13:02:47','2021-11-09 13:02:47'),(686,124,211,'小さじ1/2','2021-11-09 13:02:47','2021-11-09 13:02:47'),(687,124,248,'小さじ1','2021-11-09 13:02:47','2021-11-09 13:02:47'),(688,124,284,'小さじ1','2021-11-09 13:02:47','2021-11-09 13:02:47'),(689,124,277,'小さじ4','2021-11-09 13:02:47','2021-11-09 13:02:47'),(690,125,134,'520g','2021-11-09 13:58:53','2021-11-09 13:58:53'),(691,125,255,'20g','2021-11-09 13:58:53','2021-11-09 13:58:53'),(692,125,244,'小さじ2','2021-11-09 13:58:53','2021-11-09 13:58:53'),(693,125,48,'60g','2021-11-09 13:58:53','2021-11-09 13:58:53'),(694,126,211,'小さじ2','2021-11-09 14:05:30','2021-11-09 14:05:30'),(695,126,242,'小さじ1/2','2021-11-09 14:05:30','2021-11-09 14:05:30'),(696,126,275,'1個','2021-11-09 14:05:30','2021-11-09 14:05:30'),(697,126,42,'1個','2021-11-09 14:05:30','2021-11-09 14:05:30'),(698,126,277,'小さじ2','2021-11-09 14:05:30','2021-11-09 14:05:30'),(699,127,276,'小さじ2','2021-11-09 14:11:13','2021-11-09 14:11:13'),(700,127,264,'80cc','2021-11-09 14:11:13','2021-11-09 14:11:13'),(701,127,192,'小さじ2','2021-11-09 14:11:13','2021-11-09 14:11:13'),(702,127,288,'40g','2021-11-09 14:11:13','2021-11-09 14:11:13'),(703,128,145,'400g','2021-11-09 14:22:14','2021-11-09 14:22:14'),(704,128,54,'80g','2021-11-09 14:22:14','2021-11-09 14:22:14'),(705,128,33,'120g','2021-11-09 14:22:14','2021-11-09 14:22:14'),(706,128,275,'温泉卵4個','2021-11-09 14:22:14','2021-11-09 14:22:14'),(707,129,283,'大さじ2','2021-11-09 14:38:06','2021-11-09 14:38:06'),(708,129,34,'1本','2021-11-09 14:38:06','2021-11-09 14:38:06'),(709,129,33,'60g','2021-11-09 14:38:06','2021-11-09 14:38:06'),(710,129,1,'60g','2021-11-09 14:38:06','2021-11-09 14:38:06'),(711,129,204,'4g','2021-11-09 14:38:06','2021-11-09 14:38:06'),(712,130,1,'120g','2021-11-09 14:41:18','2021-11-09 14:41:18'),(713,130,2,'小さじ4前後','2021-11-09 14:41:18','2021-11-09 14:41:18'),(714,131,276,'小さじ2','2021-11-09 14:49:51','2021-11-09 14:49:51'),(715,131,289,'小さじ4','2021-11-09 14:49:51','2021-11-09 14:49:51'),(716,131,288,'60g','2021-11-09 14:49:51','2021-11-09 14:49:51'),(717,132,35,'120g','2021-11-09 15:42:33','2021-11-09 15:42:33'),(718,132,37,'60g','2021-11-09 15:42:33','2021-11-09 15:42:33'),(719,132,38,'40g','2021-11-09 15:42:33','2021-11-09 15:42:33'),(720,132,210,'小さじ1','2021-11-09 15:42:33','2021-11-09 15:42:33'),(721,132,285,'小さじ2','2021-11-09 15:42:33','2021-11-09 15:42:33'),(722,132,206,'小さじ2','2021-11-09 15:42:33','2021-11-09 15:42:33'),(723,132,288,'40g','2021-11-09 15:42:33','2021-11-09 15:42:33'),(724,132,14,'240cc','2021-11-09 15:42:33','2021-11-09 15:42:33'),(725,132,275,'2個','2021-11-09 15:42:33','2021-11-09 15:42:33'),(726,133,134,'100 ×４枚','2021-11-09 15:49:17','2021-11-09 15:49:17'),(727,133,206,'小さじ2','2021-11-09 15:49:17','2021-11-09 15:49:17'),(728,133,212,'小さじ1','2021-11-09 15:49:17','2021-11-09 15:49:17'),(729,133,213,'小さじ1','2021-11-09 15:49:17','2021-11-09 15:49:17'),(730,133,285,'小さじ1','2021-11-09 15:49:17','2021-11-09 15:49:17'),(731,134,35,'60g','2021-11-09 15:54:30','2021-11-09 15:54:30'),(732,134,207,'大さじ1','2021-11-09 15:54:30','2021-11-09 15:54:30'),(733,134,208,'大さじ1','2021-11-09 15:54:30','2021-11-09 15:54:30'),(734,134,39,'60g','2021-11-09 15:54:30','2021-11-09 15:54:30'),(735,135,276,'大さじ1','2021-11-09 16:00:51','2021-11-09 16:00:51'),(736,135,82,'4つ','2021-11-09 16:00:51','2021-11-09 16:00:51'),(737,136,11,'80g','2021-11-09 20:59:42','2021-11-09 20:59:42'),(738,136,12,'80g','2021-11-09 20:59:42','2021-11-09 20:59:42'),(739,136,261,'2枚','2021-11-09 20:59:42','2021-11-09 20:59:42'),(740,136,3,'40cc','2021-11-09 20:59:42','2021-11-09 20:59:42'),(741,136,275,'温泉卵4個','2021-11-09 20:59:42','2021-11-09 20:59:42'),(742,136,114,'40g','2021-11-09 20:59:42','2021-11-09 20:59:42'),(743,136,105,'20g','2021-11-09 20:59:42','2021-11-09 20:59:42'),(744,136,158,'200cc','2021-11-09 20:59:42','2021-11-09 20:59:42'),(745,136,42,'1つ','2021-11-09 20:59:42','2021-11-09 20:59:42'),(746,137,135,'240g','2021-11-09 21:23:09','2021-11-09 21:23:09'),(747,137,216,'小さじ4','2021-11-09 21:23:09','2021-11-09 21:23:09'),(748,137,43,'80g','2021-11-09 21:23:09','2021-11-09 21:23:09'),(749,137,33,'40g','2021-11-09 21:23:09','2021-11-09 21:23:09'),(750,137,39,'40g','2021-11-09 21:23:09','2021-11-09 21:23:09'),(751,137,44,'40g','2021-11-09 21:23:09','2021-11-09 21:23:09'),(752,137,283,'小さじ4','2021-11-09 21:23:09','2021-11-09 21:23:09'),(753,138,175,'60g','2021-11-09 21:29:12','2021-11-09 21:29:12'),(754,138,192,'小さじ2','2021-11-09 21:29:12','2021-11-09 21:29:12'),(755,138,3,'40cc','2021-11-09 21:29:12','2021-11-09 21:29:12'),(756,138,216,'小さじ2','2021-11-09 21:29:12','2021-11-09 21:29:12'),(757,139,115,'4尾(1尾150g位)','2021-11-09 21:40:19','2021-11-09 21:40:19'),(758,139,212,'小さじ4','2021-11-09 21:40:19','2021-11-09 21:40:19'),(759,139,13,'大さじ4','2021-11-09 21:40:19','2021-11-09 21:40:19'),(760,139,17,'48g','2021-11-09 21:40:19','2021-11-09 21:40:19'),(761,139,33,'80g','2021-11-09 21:40:19','2021-11-09 21:40:19'),(762,139,42,'1/2個','2021-11-09 21:40:19','2021-11-09 21:40:19'),(763,139,283,'小さじ4','2021-11-09 21:40:19','2021-11-09 21:40:19'),(764,139,213,'大さじ2','2021-11-09 21:40:19','2021-11-09 21:40:19'),(765,139,253,'大さじ2','2021-11-09 21:40:19','2021-11-09 21:40:19'),(766,140,137,'4本(1本40g位)','2021-11-09 21:47:14','2021-11-09 21:47:14'),(767,140,45,'400g','2021-11-09 21:47:14','2021-11-09 21:47:14'),(768,140,219,'小さじ1','2021-11-09 21:47:14','2021-11-09 21:47:14'),(769,140,9,'40g','2021-11-09 21:47:14','2021-11-09 21:47:14'),(770,141,45,'200g','2021-11-09 21:51:06','2021-11-09 21:51:06'),(771,141,33,'20g','2021-11-09 21:51:06','2021-11-09 21:51:06'),(772,141,2,'小さじ4前後','2021-11-09 21:51:06','2021-11-09 21:51:06'),(773,142,78,'12個','2021-11-09 21:53:19','2021-11-09 21:53:19'),(774,142,79,'1個','2021-11-09 21:53:19','2021-11-09 21:53:19'),(775,143,116,'8尾(60g位)','2021-11-09 23:27:45','2021-11-09 23:27:45'),(776,143,16,'40g','2021-11-09 23:27:45','2021-11-09 23:27:45'),(777,143,106,'1枚','2021-11-09 23:27:45','2021-11-09 23:27:45'),(778,143,138,'120g','2021-11-09 23:27:45','2021-11-09 23:27:45'),(779,143,4,'大さじ2','2021-11-09 23:27:45','2021-11-09 23:27:45'),(780,143,275,'1個','2021-11-09 23:27:45','2021-11-09 23:27:45'),(781,143,118,'1/2枚(50g)','2021-11-09 23:27:45','2021-11-09 23:27:45'),(782,143,139,'1枚','2021-11-09 23:27:45','2021-11-09 23:27:45'),(783,143,46,'2枚','2021-11-09 23:27:45','2021-11-09 23:27:45'),(784,143,261,'1枚','2021-11-09 23:27:45','2021-11-09 23:27:45'),(785,144,44,'120g','2021-11-09 23:36:42','2021-11-09 23:36:42'),(786,144,285,'小さじ1/2','2021-11-09 23:36:42','2021-11-09 23:36:42'),(787,145,220,'大さじ1','2021-11-09 23:44:34','2021-11-09 23:44:34'),(788,145,80,'1/4個','2021-11-09 23:44:34','2021-11-09 23:44:34'),(789,145,107,'4枚','2021-11-09 23:44:34','2021-11-09 23:44:34'),(790,146,47,'120g','2021-11-09 23:47:23','2021-11-09 23:47:23'),(791,146,39,'40g','2021-11-09 23:47:23','2021-11-09 23:47:23'),(792,147,175,'60g','2021-11-09 23:53:38','2021-11-09 23:53:38'),(793,147,189,'小さじ4','2021-11-09 23:53:38','2021-11-09 23:53:38'),(794,147,181,'2本(30g)','2021-11-09 23:53:38','2021-11-09 23:53:38'),(795,147,217,'大さじ1','2021-11-09 23:53:38','2021-11-09 23:53:38'),(796,148,21,'200g','2021-11-10 00:17:51','2021-11-10 00:17:51'),(797,148,264,'120cc','2021-11-10 00:17:51','2021-11-10 00:17:51'),(798,148,288,'200g','2021-11-10 00:17:51','2021-11-10 00:17:51'),(799,148,256,'8g','2021-11-10 00:17:51','2021-11-10 00:17:51'),(800,148,140,'2枚','2021-11-10 00:17:51','2021-11-10 00:17:51'),(801,148,35,'120g','2021-11-10 00:17:51','2021-11-10 00:17:51'),(802,148,262,'8g','2021-11-10 00:17:51','2021-11-10 00:17:51'),(803,148,108,'200g','2021-11-10 00:17:51','2021-11-10 00:17:51'),(804,149,39,'80g','2021-11-10 00:25:12','2021-11-10 00:25:12'),(805,149,78,'60g','2021-11-10 00:25:12','2021-11-10 00:25:12'),(806,149,49,'40g','2021-11-10 00:25:12','2021-11-10 00:25:12'),(807,149,176,'小さじ2','2021-11-10 00:25:12','2021-11-10 00:25:12'),(808,149,80,'1/2個','2021-11-10 00:25:12','2021-11-10 00:25:12'),(809,150,134,'100g × 4枚','2021-11-10 00:31:54','2021-11-10 00:31:54'),(810,150,256,'8g','2021-11-10 00:31:54','2021-11-10 00:31:54'),(811,150,209,'400g','2021-11-10 00:31:54','2021-11-10 00:31:54'),(812,150,261,'4枚','2021-11-10 00:31:54','2021-11-10 00:31:54'),(813,150,265,'60g','2021-11-10 00:31:54','2021-11-10 00:31:54'),(814,150,258,'4枚','2021-11-10 00:31:54','2021-11-10 00:31:54'),(815,150,280,'小さじ2','2021-11-10 00:31:54','2021-11-10 00:31:54'),(816,151,18,'200g','2021-11-10 00:41:25','2021-11-10 00:41:25'),(817,151,154,'小さじ1','2021-11-10 00:41:25','2021-11-10 00:41:25'),(818,151,288,'土台用40g・芋クリーム用40g','2021-11-10 00:41:25','2021-11-10 00:41:25'),(819,151,182,'小さじ1/2','2021-11-10 00:41:25','2021-11-10 00:41:25'),(820,152,131,'ボイルもの4個(100g位)','2021-11-10 01:26:37','2021-11-10 01:26:37'),(821,152,116,'80g','2021-11-10 01:26:37','2021-11-10 01:26:37'),(822,152,136,'120g','2021-11-10 01:26:37','2021-11-10 01:26:37'),(823,152,38,'60g','2021-11-10 01:26:37','2021-11-10 01:26:37'),(824,152,70,'60g','2021-11-10 01:26:37','2021-11-10 01:26:37'),(825,153,116,'80g','2021-11-10 01:41:43','2021-11-10 01:41:43'),(826,153,275,'2個','2021-11-10 01:41:43','2021-11-10 01:41:43'),(827,153,20,'4枚','2021-11-10 01:41:43','2021-11-10 01:41:43'),(828,154,34,'1本','2021-11-10 01:47:54','2021-11-10 01:47:54'),(829,154,109,'乾燥4 g','2021-11-10 01:47:54','2021-11-10 01:47:54'),(830,154,156,'40g','2021-11-10 01:47:54','2021-11-10 01:47:54'),(831,155,276,'小さじ2','2021-11-10 01:54:54','2021-11-10 01:54:54'),(832,155,176,'小さじ4','2021-11-10 01:54:54','2021-11-10 01:54:54'),(833,155,80,'1/2個','2021-11-10 01:54:54','2021-11-10 01:54:54'),(834,156,141,'400g','2021-11-10 02:15:47','2021-11-10 02:15:47'),(835,156,35,'160g','2021-11-10 02:15:47','2021-11-10 02:15:47'),(836,156,110,'80g','2021-11-10 02:15:47','2021-11-10 02:15:47'),(837,156,224,'240g','2021-11-10 02:15:47','2021-11-10 02:15:47'),(838,156,261,'2枚','2021-11-10 02:15:47','2021-11-10 02:15:47'),(839,157,61,'120g','2021-11-10 02:38:24','2021-11-10 02:38:24'),(840,157,2,'28g前後','2021-11-10 02:38:24','2021-11-10 02:38:24'),(841,157,251,'小さじ2','2021-11-10 02:38:24','2021-11-10 02:38:24'),(842,158,39,'40g','2021-11-10 02:46:09','2021-11-10 02:46:09'),(843,158,57,'40g','2021-11-10 02:46:09','2021-11-10 02:46:09'),(844,158,79,'1/2個','2021-11-10 02:46:09','2021-11-10 02:46:09'),(845,158,283,'小さじ4','2021-11-10 02:46:09','2021-11-10 02:46:09'),(846,158,252,'小さじ1/2','2021-11-10 02:46:09','2021-11-10 02:46:09'),(847,159,30,'1/2枚・20 × 10cm','2021-11-10 02:58:58','2021-11-10 02:58:58'),(848,159,229,'小さじ４','2021-11-10 02:58:58','2021-11-10 02:58:58'),(849,159,79,'1/2個','2021-11-10 02:58:58','2021-11-10 02:58:58'),(850,159,198,'小さじ2','2021-11-10 02:58:58','2021-11-10 02:58:58'),(851,160,134,'400g','2021-11-10 03:14:36','2021-11-10 03:14:36'),(852,160,256,'20g','2021-11-10 03:14:36','2021-11-10 03:14:36'),(853,160,61,'240g','2021-11-10 03:14:36','2021-11-10 03:14:36'),(854,160,249,'60cc','2021-11-10 03:14:36','2021-11-10 03:14:36'),(855,160,264,'320cc','2021-11-10 03:14:36','2021-11-10 03:14:36'),(856,161,39,'60g','2021-11-10 03:43:33','2021-11-10 03:43:33'),(857,161,53,'20g','2021-11-10 03:43:33','2021-11-10 03:43:33'),(858,161,61,'120g','2021-11-10 03:43:33','2021-11-10 03:43:33'),(859,161,261,'2枚','2021-11-10 03:43:33','2021-11-10 03:43:33'),(860,161,283,'小さじ4','2021-11-10 03:43:33','2021-11-10 03:43:33'),(861,161,11,'240g','2021-11-10 03:43:33','2021-11-10 03:43:33'),(862,161,264,'180cc','2021-11-10 03:43:33','2021-11-10 03:43:33'),(863,161,266,'40g','2021-11-10 03:43:33','2021-11-10 03:43:33'),(864,161,164,'小さじ1','2021-11-10 03:43:33','2021-11-10 03:43:33'),(865,162,275,'4個','2021-11-10 03:51:04','2021-11-10 03:51:04'),(866,162,197,'60g','2021-11-10 03:51:04','2021-11-10 03:51:04'),(867,162,180,'20g','2021-11-10 03:51:04','2021-11-10 03:51:04'),(869,163,134,'500g','2021-11-21 01:56:44','2021-11-21 01:56:44');
/*!40000 ALTER TABLE `recipe_materials` ENABLE KEYS */;
UNLOCK TABLES;

--
-- Table structure for table `recipes`
--

DROP TABLE IF EXISTS `recipes`;
/*!40101 SET @saved_cs_client     = @@character_set_client */;
/*!40101 SET character_set_client = utf8 */;
CREATE TABLE `recipes` (
  `id` bigint(20) unsigned NOT NULL AUTO_INCREMENT,
  `user_id` bigint(20) NOT NULL,
  `name` varchar(255) COLLATE utf8mb4_unicode_ci NOT NULL,
  `body` text COLLATE utf8mb4_unicode_ci NOT NULL,
  `recipe_category_id` bigint(20) DEFAULT NULL,
  `menu_id` bigint(20) NOT NULL,
  `howto_id` bigint(20) DEFAULT NULL,
  `image_path` varchar(255) COLLATE utf8mb4_unicode_ci DEFAULT NULL,
  `image_path2` varchar(255) COLLATE utf8mb4_unicode_ci DEFAULT NULL,
  `is_easy` tinyint(1) DEFAULT NULL,
  `is_favorite` tinyint(1) DEFAULT NULL,
  `is_refresh` tinyint(1) DEFAULT NULL,
  `created_at` timestamp NULL DEFAULT NULL,
  `updated_at` timestamp NULL DEFAULT NULL,
  PRIMARY KEY (`id`)
) ENGINE=InnoDB AUTO_INCREMENT=164 DEFAULT CHARSET=utf8mb4 COLLATE=utf8mb4_unicode_ci;
/*!40101 SET character_set_client = @saved_cs_client */;

--
-- Dumping data for table `recipes`
--

LOCK TABLES `recipes` WRITE;
/*!40000 ALTER TABLE `recipes` DISABLE KEYS */;
INSERT INTO `recipes` VALUES (1,1,'黒酢酢豚','1　豚肩ロース薄切り肉を肉下味用で味付け。\r\n2　片栗粉小さじ4を加えてもみ込む。軽く握り丸める、1人3個。\r\n3　かぼちゃは種ワタを除き、一辺が8cm、厚さ5mmの薄切り。1人2〜3切れ。れんこんは皮をむき、厚さ5mmの輪切り。または半月切り。1人2〜3切れ。\r\n4　赤パプリカ・ピーマンは種を除き乱切り。(それぞれ1人2〜4切れ)\r\n5　鍋にあん用の調味料をあわせ、よく混ぜ、混ぜながら加熱。弱火〜中火。沸騰したら中火で30秒〜1分加熱。\r\n6　かぼちゃ・れんこん・赤パプリカ・ピーマンを170度の油で揚げる。\r\n7　6をあんに加える。\r\n8　豚肉に片栗粉小さじ4をまぶし、170度の油に入れ、徐々に温度をあげながら、6分程じっくりと揚げる。\r\n9　8をあんに加えて混ぜる。器に盛り付ける。',5,1,0,NULL,NULL,0,0,0,'2021-11-04 01:18:44','2021-11-04 01:18:44'),(2,1,'きゅうりの浅漬け','1　きゅうりは厚さ5mmの輪切り。\r\n2　きゅうりを立て塩に漬ける。10分くらい。\r\n3　ボウルに水気を絞ったきゅうりを入れ、味付け用を加え和える。\r\n4　器に盛り付ける。',8,1,0,NULL,NULL,0,0,0,'2021-11-04 01:28:57','2021-11-04 01:28:57'),(3,1,'中華コーンスープ','1　鍋に卵以外の材料・調味料を入れてよく混ぜる。\r\n2　火にかけ混ぜながら、とろみがつくまで加熱。\r\n3　卵は1個よくときほぐす。\r\n4　3を静かに流し入れ、火を通し軽く混ぜる。\r\n5　火を止め器に分入れる。',2,1,0,NULL,NULL,0,0,0,'2021-11-04 01:35:16','2021-11-04 01:35:16'),(4,1,'黒ごまプリン','1　粉ゼラチンは湯に振り入れ、溶かす。シロップ具材を混ぜ合わせ、クコの実を加える。\r\n2　牛乳にフロストシュガー小さじ2を加え、混ぜ溶かす。\r\n3　ボウルに黒煉ごまを入れ、2を少しずつ加え溶きのばす。\r\n4　溶かしたゼラチンを加えて混ぜ、生クリーム40gを加えて混ぜる。\r\n5　器に分入れ冷蔵庫に入れて冷やし固める。\r\n6　黒ごまプリンにシロップをかけ、クコの実を飾る。',6,1,0,NULL,NULL,0,0,0,'2021-11-04 02:01:02','2021-11-04 02:01:02'),(5,1,'チキンカレー','1　鶏もも肉は皮を除き、余分な水気・脂肪を除き、2cm角くらいに切り、塩こしょうをしてなじませてから、マヨネーズで下味をつける。\r\n2　玉ねぎは根元を除き、繊維に逆らった薄切り。ほうれん草は根元の泥を流水の下でしっかり洗い流す。\r\n3　茹で湯にほうれん草を根元・葉の順に入れ3分程茹でる。冷水にとり水気を絞る。根元を除き、長さ2cmに切る。\r\n4　鍋に玉ねぎ・サラダ油小さじ1を入れて炒める。強火10分前後、焦げ注意。飴色になったら粗熱を取る。\r\n5　香り付け用を加えて熱し、弱火で香りを引き出す。鶏肉をマヨネーズごと加えて、焼き色をつけるように加熱する。\r\n6　調味料Aを加えて強火10分で煮詰める。調味料Bも加える。\r\n7　塩小さじ1/8・黒こしょう少々で味を整える。チキンカレーの全体の2/3量を器に盛り付ける。(チキンは全て盛り付ける)',1,1,0,NULL,NULL,0,0,0,'2021-11-04 07:08:51','2021-11-04 07:08:51'),(6,1,'ほうれん草とヨーグルトのカレー','1　チキンカレーの残りに水気をよく絞ったほうれん草・調味料Cを加えてよく混ぜ、強火で5分煮詰める。ローリエを除き調味料Dを加えなじませる。\r\n2　塩こしょう少々で味をととのえる。器に盛り付ける。',2,2,0,NULL,NULL,0,0,0,'2021-11-04 07:26:35','2021-11-04 07:26:35'),(7,1,'チーズクルチャ&ターメリックライス','1　スライスチーズは4つ折りにする。インスタントドライイースト小さじ1/2は仕込み水A(42度〜43度)80ccに入れ、砂糖ひとつまみ(生地用砂糖から)を加えひと混ぜして5分くらい置き、予備発酵させる。\r\n2　ボウルに生地用Aを入れて、ざっと混ぜ、予備発酵させた仕込み水Bを加え混ぜる。仕込み水を調節しながら加え混ぜる。ある程度まとまってきたらサラダ油小さじ2を混ぜる。\r\n3　台の上に出し、生地の表面が滑らかになるまでこねる。生地を4分割にし、丸め直してラップをかけ生地を休ませる。5分くらい。\r\n4　閉じ目を上にして8cm位の円形に薄くのばし、チーズをのせてつつみ、しっかり閉じ目を閉じる。上から押さえて10cm位の円形にのばす。\r\n5　サラダ油小さじ2を入れたフライパンに閉じ目を下にして、乾燥させないように蓋をして発酵させる。室温で5分くらい。\r\n6　蓋を取り加熱する。閉じ目の面に香ばしい焼き色がついたら、裏返し両面をよく焼く。(中火〜強火4分前後。返して中火3分前後)\r\n7　蓋をし、すきまから水40ccを加えて、強火1分蒸し焼きにする。\r\n8　米を洗い30分吸水後、水気をよく切り、水160cc・ターメリックを加えて蓋をして炊く。沸騰後弱火10分。火を止め蒸らす。10分くらい。\r\n9　こんもりと盛り付けたターメリックライスに、チーズクルチャを立てかける。',4,2,0,NULL,NULL,0,0,0,'2021-11-04 07:52:53','2021-11-04 07:52:53'),(8,1,'マンゴーラッシー','1　ボウルにプレーンヨーグルトを入れる。\r\n2　牛乳を少しずつ加えて混ぜる。\r\n3　グラスにマンゴージャムを分入れ、2を注ぐ。',6,2,0,NULL,NULL,0,0,0,'2021-11-04 07:55:28','2021-11-04 07:55:28'),(9,1,'手打ちニョッキのグラタン','1　ベーコンは幅1cmに切る。カマンベールチーズは4等分に切る。\r\n2　じゃが芋は皮を剥き、芽を除いて1cm角に切り、5分位水にさらす。水気を切る。鍋にじゃが芋・じゃが芋がかぶるくらいの水を入れて、加熱。\r\n3　竹串がすっと通るくらいの柔らかさになるまで茹でて、湯を捨てて、再度火にかけて粉ふき芋にする。\r\n4　ボウルに入れ、熱いうちに切るようにつぶす。ニョッキ用材料Nを加え、切り混ぜる。均一に混ざったら、ひと塊にまとめる。\r\n5　消毒した台の上に取り出し、滑らかになるまでこねる。生地を4等分する。40cmくらいにのばし、長さ2cmくらいに切る。\r\n6　タイミング見計らい、塩大さじ1を加えた熱湯1.5Lを用意しニョッキを茹でる。浮き上がってきてから1分くらい。水気を切ってグラタン皿に分け入れる。\r\n7　フライパンにベーコンを入れてから加熱し、炒める。牛乳・生クリームを加えて加熱し、沸騰したら軽く煮詰める。中火5分くらい。\r\n8　火を止めて粉チーズ・塩を加えて味をととのえ、ニョッキにチーズソースAをかける。\r\n9　カマンベールチーズをのせオーブンで焼く。電気230度15分・ガス220度15分くらい。受け皿にのせパセリをふる。\r\n\r\n＊オーブン予熱　電気230度15分~・ガス220度15分~',4,3,2,NULL,NULL,0,1,0,'2021-11-04 09:27:41','2021-11-04 09:27:41'),(10,1,'スパイシーチキン','1　鶏手羽中は手羽先の関節のところの切り口を上にして、骨と肉の間にあるスジをキッチンバサミできる。筋を切った部分の肉を押し下げる。\r\n2　内側の肉が表側になるようにめくって裏返す。細い骨は抜き取る。チューリップ状。\r\n3　ボウルに鶏肉漬け込み用Aを入れ混ぜる。鶏肉を加え漬け込む。20分くらい。鶏肉の汁気を軽く除き、片栗粉小さじ8~をまぶして軽く握り、形をととのえる。\r\n4　160度の油に入れて、火が通るまで揚げる。5分位。バットに取り出し、油を切る。',5,3,0,NULL,NULL,0,0,0,'2021-11-04 09:37:21','2021-11-04 09:37:21'),(11,1,'かぼちゃとナッツのサラダ&トマトとルッコラのサラダ','1　グリーンリーフは食べやすい大きさにちぎる。ルッコラは根元を除き、長さを4等分に切る。一緒に水にさらし、水気を切る。\r\n2　トマトはヘタを除いて洗い、8等分のくし形切りにし、さらに斜め半分に切る。\r\n3　カボチャは種・ワタを除き、耐熱皿にのせてラップをふんわりとかけ、電子レンジで600w4分加熱。かぼちゃは一口大くらいに崩す。\r\n4　ボウルに味付け用Aを入れ、よく混ぜる。かぼちゃ・グリーンレーズンを加え、ざっくりと混ぜる。サワークリームを加え、さらにざっくりと混ぜる。\r\n5　皿に4・スパイシーチキンを盛り付け、くるみを飾る。1を盛り付け、トマトを飾りドレッシングをかける。\r\n\r\n＊くるみは予熱なしのオーブンでロースト(電気170度8分/ガス160度8分)、粗く砕いておく。',3,3,0,NULL,NULL,0,1,0,'2021-11-04 09:51:08','2021-11-04 09:51:08'),(12,1,'まるごとマロンケーキ','1　チョコレートシロップはラップに計量・卵は室温に戻し、よく溶きほぐす。\r\n2　ボウルにバターを入れて混ぜ、砂糖大さじ4を加え、クリーム状になるまですり混ぜる。卵を3〜4回に分けて加え、その都度よく混ぜる。\r\n3　ラム酒を加え混ぜる。薄力粉をふるい入れ、切り混ぜる。紙型(マフィン型)に分け入れる。\r\n4　中央に栗の渋皮煮を埋め込む。空気抜きをして天板にのせる。\r\n5　オーブンで焼く。電気180度20分・ガス170度20分。竹串を刺し、焼けているかを確認し粗熱を取る。マロンケーキです。\r\n6　皿にチョコレートシロップで蜘蛛の巣などを描き、紙型を外したマロンケーキを盛り付け、ココアパウダーをふるう。\r\n\r\n＊バターは室温に戻す。栗の渋皮煮は汁気を除いておく。オーブンに予熱・電気180度20分・ガス170度20分',6,3,2,NULL,NULL,0,0,0,'2021-11-04 10:02:33','2021-11-04 10:02:33'),(13,1,'みそしょうが焼','1　豚肩ロース薄切り肉はきざみしょうが小さじ2を馴染ませる。\r\n2　玉ねぎは根元を除き、繊維に逆らって厚さ1cmに切る。合わせ調味料を合わせる。\r\n3　フライパンにサラダ油小さじ1を熱し、玉ねぎを入れ、しんなりとするまで炒め取り出す。\r\n4　サラダ油小さじ1を足し、両面に香ばしい焼き色をつける。アクがでていたら、余分な脂とともに除く。\r\n5　玉ねぎを戻し入れ、合わせ調味料を加え、中火で1分煮からめる。\r\n6　皿に盛り付け、雑穀ごはんを添える。',5,4,0,NULL,NULL,0,1,0,'2021-11-04 11:02:48','2021-11-04 11:02:48'),(14,1,'ミネラルサラダ','1　芽ひじきはさっと洗い汚れを流し、新しい水をたっぷり注いで、10〜15分戻す。ザルで水気をよく切る。\r\n2　ツナ缶(ノンオイルタイプ・4/5缶(56g))は汁気を切る。水菜は根元を除き、長さ4cmに切り、水にさらし水気を切る。\r\n3　アボガドは種皮をを除き、1cmの角切り。ラップを密着させてかける。プチトマトはヘタを除き、洗って水気を切り、縦4等分に切る。\r\n4　フライパンにサラダ油小さじ1/2を熱し、ひじき・ツナ・きざみしょうが小さじ1を入れて炒める。\r\n5　フライパンの粗熱を取り、炒め用Aを加え、汁気がなくなるまで炒める。\r\n6　火を止め、削りがつおを加えて混ぜ、粗熱を取る(ひじき煮)。水菜を加えざっくりと混ぜ合わせる。\r\n7　器に盛り付け、アボガド・プチトマトを飾り、ドレッシングをかける。',3,4,0,NULL,NULL,0,0,1,'2021-11-04 12:07:37','2021-11-04 12:07:37'),(15,1,'きのこの豆乳みそ汁','1　しめじは石づきを除き、小房に分け、長さを半分に切る。えのき茸は根元を除き、長さ1cmに切る。\r\n2　椎茸は石づきを除き、笠と軸に分け、笠・軸ともに薄切り。\r\n3　鍋に水240cc・しめじ・えのき茸・椎茸を入れて加熱し、火を通す。\r\n4　調製豆乳を加えて温め、火を弱め、みそ(液体)を加えて味をととのえる。\r\n5　椀に分け入れる。',2,4,0,NULL,NULL,0,0,1,'2021-11-04 12:21:33','2021-11-04 12:21:33'),(16,1,'キャラメル豆乳プリン','1　ボウルに卵を割り入れ、よく溶きほぐす(A) 。別のボウルに調製豆乳・砂糖を入れ、よく混ぜ溶かす(B)。\r\n2　BにAとバニラオイル8ふりを加えて混ぜ、ぬらした茶こしでこして器に注ぐ。\r\n3　鍋に湯を張り、沸騰させる。火を止めざるを入れ、2を入れる。\r\n4　フタをし、強火で2〜3分加熱する。目安:表面の色が変わるくらい。\r\n5　弱火または保温する。10分くらい。プリンに竹串を刺し、液体が出てこなければ火を止める。\r\n6　粗熱を取り冷蔵庫で冷やす。豆乳プリンにキャラメルシロップをかける。(1人分のキャラメルシロップ小さじ1)',6,4,0,NULL,NULL,0,0,0,'2021-11-04 12:33:32','2021-11-04 12:33:32'),(17,1,'チリトマトカルボナーラ','1　ベーコン5mm角の棒状に切る。ボウルに卵を割り入れよく溶きほぐす。\r\n2　卵味付けAを加え、混ぜる。\r\n3　4等分にし、それぞれに味付けBを加え混ぜる。\r\n4　フライパンにベーコン・オリーブオイル小さじ1を入れて火にかけ脂が出てくるまで、じっくり焼く。弱火〜中火で4分位。\r\n5　ペーストCを加え、香りが出てくるまで炒め合わせる。火を止めて白ワイン大さじ1を加え、再度加熱してアルコール分を飛ばす。\r\n6　4等分にし、粗熱をとり、3に分け入れる。\r\n7　スパゲティは塩を加えた熱湯でタイミングを見計って茹でる。\r\n8　6に茹で上がったスパゲティを分入れよく混ぜる。\r\n9　器に盛り付け、温泉卵を中央にのせ、粉チーズ・黒こしょうをふる。',4,5,0,NULL,NULL,0,1,0,'2021-11-04 12:57:16','2021-11-04 12:57:16'),(18,1,'マスタードチキングリル','1　鶏もも肉は余分な水分・脂肪を取り除き、厚みがあれば開き、塩こしょうで下味をつける。\r\n2　かぶは茎を1cm残して切ってよく洗い、皮付きのまま8等分に切る。ボウルにマスタードソース用を入れ混ぜる。マスタードソースです。\r\n3　フライパンにオリーブオイル小さじ1を入れ、鶏肉を皮面から入れる。空いてる所にかぶを加えて火をつけ、かぶを時々返しながら、鶏肉に焼き色がつくまで焼く。\r\n4　鶏肉に焼き色がついたら裏がえし、かぶに塩こしょう各少々をふる。\r\n5　天板にクッキングシートを敷いて、四隅をひねり、かぶ・鶏肉の皮面を上にして並べ、マスタードソースを塗る。\r\n6　オーブンで焼く。電気230度12分・ガス220度12分くらい。皿に鶏肉を盛り付けかぶを添える。',5,5,2,NULL,NULL,0,1,0,'2021-11-04 13:04:10','2021-11-04 13:04:10'),(19,1,'焼ききのこサラダ','1　しめじは石づきを除き、小房に分ける。まいたけは根元を除き小房に分ける。プチトマトはヘタを除いて洗い、縦4等分に切る。\r\n2　フライパンにオリーブオイル大さじ1を熱し、しめじ・まいたけを入れ、香ばしい焼き色をつけるように焼く。塩こうじを加えからめる。\r\n3　皿にグリーンリーフ・トレビスを盛り付け、きのこ・プチトマトをバランスよくのせる。ドレッシングをかける。',3,5,0,NULL,NULL,0,0,0,'2021-11-04 13:05:49','2021-11-04 13:05:49'),(21,1,'洋梨のクラフティ','1　洋梨(缶)は汁気を除き、厚さ2〜3mmの薄切り。\r\n2　ボウルに卵を割り入れ、泡立たないようにコシを切り、砂糖大さじ2を加えて混ぜる。\r\n3　生地用をふるい入れ、よく混ぜる。\r\n4　牛乳を加え混ぜる。生クリーム・バニラオイルを加え、さらに混ぜる。\r\n5　ココットに生地を流して、洋梨をのせ天板にのせてオーブンで焼く。電気230度12分・ガス220度12分\r\n6　受け皿にのせ、粉糖をふるう。\r\n＊オーブンに予熱を入れておく。電気230度12分・ガス220度12分',6,5,0,NULL,NULL,0,0,0,'2021-11-04 13:39:25','2021-11-04 13:39:25'),(22,1,'ローストビーフ~玉ねぎとしょうゆこうじのソース','1　牛もも塊肉は室温に30分以上戻しておく。水気を抜き、砂糖・塩・黒こしょう(肉下味用)をもみ込み、5分ほど下味をつける。\r\n2　フライパンにオリーブオイル小さじ1を熱し、牛肉を香ばしく焼く。天板にアルミホイルを敷き、牛肉をのせる。\r\n3　オーブンで焼く。電気200度10分・ガス180度10分。牛肉をアルミホイルで包み、温かい所に置き、蒸らして中まで火を通す。(オーブンから出した時点で肉汁があればソースに加える。)\r\n4　蒸らし時間が終わったら、肉汁を2のフライパンに移し、再度アルミホイルで包んで、ビニール袋に入れ空気が入らないようにして口をしっかりと結ぶ。冷水で10分くらい冷やす。\r\n5　牛肉を焼いたアルミホイルに肉汁・玉ねぎ・しょうゆこうじ・水・黒こしょうを入れて混ぜ、とろみがつくまで加熱する。(玉ねぎとしょうゆこうじのソースA)。\r\n6　ローストビーフを薄くそぎ切りにし、皿に盛り合わせる。玉ねぎとしょうゆこうじのソースをかける。\r\n\r\n＊　玉ねぎはすりおろしておく。オーブンの予熱。電気200度10分・ガス180度10分',5,6,2,NULL,NULL,0,0,0,'2021-11-04 13:51:20','2021-11-04 13:51:20'),(23,1,'トマトのポトフ~チーズバゲット','1　鶏手羽元は水気を抜く。じゃが芋は皮をむき、芽があれば除き、4等分に切る。\r\n2　玉ねぎは根元を残して4等分のくし形切り。スライスチーズは長さを活かして、4等分に切る。\r\n3　クッキングシートをのせた天板に、バゲットをのせ、スライスチーズをのせる。オーブンで焼く。電気200度5分・ガス190度5分。パセリをふる。チーズバゲットです。\r\n4　圧力鍋に鶏手羽元・じゃが芋・玉ねぎ・スープ素Aを入れる。\r\n5　専用のフタをし、強めの中火にかける。安全ロックピンが上がり、蒸気が出てきたら弱火にして加熱する。10分。\r\n6　火を止め、安全ロックピンが下がったら、フタを開け、ローリエを除いて塩少々・黒こしょう少々で味をととのえる。\r\n7　器にトマトのポトフを盛り付け、チーズバゲットを添える。\r\n\r\n＊ オーブンの予熱・電気200度5分・ガス190度5分',2,6,0,NULL,NULL,0,0,0,'2021-11-04 14:50:33','2021-11-04 14:50:33'),(24,1,'グラスディップサラダ','1　紅芯大根は皮をむき、1人1枚の半月切りにし、半分くらいまで斜めに切り込みを入れる。黄パプリカはヘタ・種を除き、長めの乱切り。\r\n2　かぶは茎を1cmくらい残して切り、根元をよく洗い、8等分に切って皮を剥く。きゅうりは縦4等分にし、さらに斜め半分に切る。1人2切れ。\r\n3 　辛子明太子は薄皮を除き、ほぐす。ボウルにサワークリームを入れ、混ぜて滑らかにする。牛乳小さじ1を加えよく混ぜる。\r\n4　辛子明太子を加え更に混ぜる。\r\n5　器に4を入れ、野菜をバランスよく盛り付ける。\r\n\r\n＊ サワークリームは使用する10分前に室温に戻しておく。',3,6,0,NULL,NULL,0,0,0,'2021-11-04 14:58:56','2021-11-04 14:58:56'),(25,1,'ホワイトムース~ベリーソース仕立て','1　粉ゼラチンは使う直前に湯40cc(50~60度)にふり入れ、溶かす。(ゼラチン液)。生クリームは7分立てにする。(ホイップクリーム)。\r\n2　ジャム40g・フランボワーズリキュール小さじ1は混ぜ合わせる。(ベリーソース)。\r\n3　ボウルにムース素Aを入れてよく混ぜる。\r\n4　ゼラチン液を加えよく混ぜる。\r\n5　ホイップクリームを2〜3回に分けて入れ、切り混ぜる。冷蔵庫で冷やし固める。\r\n6　皿にすくった5・ベリーソースを盛り付ける。ラズベリーを砕いて散らし、ブルーベリー・ミントの葉を飾る。\r\n\r\n＊ プレーンヨーグルト・サワークリームは使用する10分前に室温に戻しておく。',6,6,0,NULL,NULL,0,1,0,'2021-11-04 15:15:30','2021-11-04 15:15:30'),(26,1,'伊達巻き寿司','1 　きゅうりは厚さ2mmの輪切りにし、ボウルに入れて塩小さじ1/8をふり、10分くらい置き、水気を絞る。かに風味かまぼこは軽くほぐし、幅1cmに切る。\r\n2　温かいご飯に調味酢をまわしかけ、しゃもじで切り混ぜ、うちわであおぎながら冷ます。きゅうり・かに風味かまぼこを加えてまぜ、2等分する。それぞれラップにのせて包む。\r\n3　卵焼き器の横幅に合わせて棒状に形をととのえる。(寿司飯)。ミキサーカップに卵・ちぎったはんぺん・きび砂糖・みりん・醤油を入れ、滑らかになるまで回す・30秒。(味付け調味料A)\r\n4　熱してサラダ油小さじ1/2をなじませた卵焼き器に生地を半量流し入れる。アルミホイルでフタをして、弱火8分位焼く。中心まで火が通り(竹串で確認)、表面が乾いてきたら火を止める。\r\n5　ラップに焼き面を上にしてのせ、ラップをかけて粗熱を取る。ラップを外して手前に寿司飯をのせる。\r\n6　ラップの手前を持ち上げ、寿司飯を押さえながら巻き、巻きすで、巻く。1〜2分置き、形をととのえる。\r\n7　形が落ち着いたら、1本を6等分に切る。(1回切るごとに包丁を調味酢でぬらしたペーパーで拭く)。皿に盛り付ける。',4,7,0,NULL,NULL,0,0,0,'2021-11-04 22:44:50','2021-11-04 22:44:50'),(27,1,'スペアリブの香味みそ焼き','1　スペアリブは余分な水分を除く。ビニール袋に調味料Aを入れ、よく混ぜ合わせ、スペアリブを加えてよくもみ込み漬け込んでおく。10分くらい。\r\n2　クッキングシートを敷いた天板にスペアリブを並べ、オーブンで焼く。電気230度20分・ガス220度16分くらい。皿にスペアリブを盛り付ける。\r\n\r\n＊ オーブン予熱必要 電気230度20分・ガス220度16分くらい。',5,7,2,NULL,NULL,0,0,0,'2021-11-04 22:54:58','2021-11-04 22:54:58'),(28,1,'海老のタルタルグリル','1　海老は立て塩・真水の順に洗い、ヒゲを切り、竹串で背ワタを除く。\r\n2　もう一度立て塩・真水の順に洗い、(足の部分を特によく洗う)、水気をよく除く。　\r\n3　腹を下にし、頭に近いところから、尾の方を1節残したところまで切り開き、余分な水気を除き、形をととのえる。\r\n4　クッキングシートを敷いた天板に海老を並べ、切り開いた部分にタルタルソースをのせる。\r\n5　オーブンで焼く。電気230度10分・ガス220度8分くらい\r\n6　皿に盛り付け、パセリをふる。\r\n\r\n＊ オーブン予熱必要;  電気230度10分・ガス220度8分くらい',1,7,2,NULL,NULL,0,0,0,'2021-11-04 23:01:00','2021-11-04 23:01:00'),(29,1,'紅芯大根のゆずこしょう甘酢','1　紅芯大根は皮をむき、厚さ2mmのいちょう切り。ボウルに入れて塩小さじ1/8をふっておく。20分くらい。\r\n2　ボウルに調味酢・ゆずこしょうを入れて混ぜる(味付け用A)。水気をよくしぼった紅芯大根を加えて混ぜ、味をなじませる。\r\n3　紅芯大根の汁気を軽く切り、器に盛り付ける。',8,7,0,NULL,NULL,1,0,0,'2021-11-04 23:06:21','2021-11-04 23:06:21'),(30,1,'かまぼこのクリームチーズサンド','1　青じそは軸を除く。クリームチーズは4等分に切る。かまぼこ紅は下1cmくらいを残して、切り込みを入れる。\r\n2　かまぼこの切り込みに、青じそ・クリームチーズを挟む。ピンクペッパーを飾る。皿に盛り付ける。',9,7,0,NULL,NULL,0,0,0,'2021-11-04 23:10:52','2021-11-04 23:10:52'),(31,1,'関東風雑煮','1　鶏もも肉は余分な水分・脂肪を除き、酒小さじ1・塩小さじ1/8で下味をつける。10分位。\r\n2　人参は皮をむき、梅抜き型で抜く。(梅人参)。抜いた周り(かげ)も使用。みつ葉は根元を除き、長さ2cmに切る。\r\n3　鍋に調味料A・鶏肉・人参を入れて加熱する。アクを抜きながら火を通す。調味料Bで味をととのえる。\r\n4　椀に汁を少し入れ、人参のかげ・焼いた角もちを入れ、汁と共に鶏肉を均等に分け入れる。梅人参をのせ、みつ葉を添える。',9,7,0,NULL,NULL,0,0,1,'2021-11-04 23:18:55','2021-11-04 23:18:55'),(32,1,'ロブスターのビスク風パスタ','1　ニンニクは皮・芯を除きみじん切り。玉ねぎもみじん切り。\r\n2　ロブスターは解凍して水気を除き、背ワタがあれば除く。頭の付け根あたりからフォーク・指を入れ身を外す。殻もダシにする。捨てない。\r\n3　フライパンにバター10gを入れて熱し、半分くらい溶けたら、殻を加えみそなどを取り出しながら香ばしく焼く。\r\n4　香りがしてきたら、むき身を加えてさっと焼き、一度火を止め白ワインを加えて加熱し、アルコール分を飛ばす。むき身は取り出す。\r\n5　水240ccを加え、みそなどを潰しながら強火で5分ほど煮る。ザルでこす。ロブスタースープです。殻は盛り付けに使用。\r\n6　同じフライパンにバター10gを溶かし、にんにく12g・玉ねぎ240gを加えしんなりとするまで炒める。薄力粉大さじ2を加え、粉気がなくなるまで炒める。\r\n7　トマトペーストを加えて炒め合わせる。(ロブスタースープ＋水)(= 200cc)を加えてのばし、軽くとろみがつくまで加熱する。\r\n8　生クリーム・ハーブ&スパイスミックス調味料(調味料A)を加え、ひと煮立ちさせ、味見をして塩で味をととのえる。塩小さじ1/8~。\r\n9　スパゲティを加えて混ぜる。皿に盛り付け、殻を飾る。(茹で湯; 熱湯1.5L・塩大さじ1)',1,8,0,NULL,NULL,0,0,0,'2021-11-05 06:05:32','2021-11-05 06:05:32'),(33,1,'マッシュルームと温泉卵のサラダ','1　グリーンリーフ・トレビスは食べやすい大きさにちぎり、水にさらし水気を切る。\r\n2　紅芯大根は皮を剥き、厚さ2mmのいちょう切りにし、水にさらし(10分くらい)水気を切る。マッシュルームは薄切り。\r\n3　皿にグリーリーフ・トレビス・紅芯大根を彩りよく盛り付け、マッシュルームを散らし、温泉卵を真ん中にのせる。ドレッシングAをかける。',3,8,0,NULL,NULL,0,0,0,'2021-11-05 06:15:07','2021-11-05 06:15:07'),(34,1,'ヴィシソワーズ','1　じゃが芋はは皮をむき、芽があれば除き、厚さ7mmの半月切り、または、いちょう切りにして水にさらし、水気を切る。玉ねぎは根元を除き、\r\n　   繊維に逆らった2~3mmの薄切り。セロリは筋を除き、2~3mmの斜め薄切り。\r\n2　鍋にバター10gを入れて加熱し、半分くらい溶けたら、玉ねぎ・セロリを加えしんなりとするまで炒め、じゃが芋を加え全体に油がまわるように炒める。\r\n3　スープ素Aを加え、ひと煮立ちさせてアクを除き、じゃが芋が柔らかくなるまで加熱する。途中アクが出たらのぞく。\r\n4　火を止めて粗熱を取り、ローリエを取り出し、滑らかになるまでブレンダーにかける。ボウルに移す。\r\n5　水道水にあてて冷まし、盛り付ける。直前まで冷蔵庫で冷やす。\r\n6　冷蔵庫から出したての冷たい牛乳を加え、混ぜる。器に盛り付け、パセリをふる。',2,8,0,NULL,NULL,0,0,0,'2021-11-05 06:27:20','2021-11-05 06:27:20'),(35,1,'ショコラケイク','1　薄力粉大さじ4・ココアパウダー小さじ2は合わせてふるう。\r\n2　ボウルに卵を割り入れ、コシを切り、少し泡立ててから砂糖を2~3回に分けて加え、リボン状になるまで泡立てる。\r\n3　1を加え、やや粉っぽさが残る位まで切り混ぜる。\r\n4　牛乳を加えて切り混ぜ、紙型に分け入れ、軽く空気抜きをする。\r\n5　天板にのせて焼く。電気180度12分、ガス170度12分。竹串で焼き上がりを確認し、粗熱をとる。\r\n6　型から外して皿に裏返して置きココアパウター小さじ1/2(4人分)をふるう。ホイップクリーム・ジャム(4人分で20g)を盛り付けミント(1人1つ)の葉を飾る。',6,8,2,NULL,NULL,0,0,0,'2021-11-05 06:36:58','2021-11-05 06:36:58'),(36,1,'牛肉のステーキ~レモンバターじょうゆ仕立て~(1人分分量)','1　牛ステーキ肉は筋を両面切り、余分な脂肪があれば除き、(焼くとき再利用)、30分室温に戻す。塩小さじ1/8・黒こしょう少々で味を付ける。\r\n2　バター8gは室温に戻し、ラップで包み、円形にととのえ、冷蔵庫で冷やす。レモンは少々の塩でこすり洗して、輪切りを1枚取り残りは絞る。（1人分）\r\n3　ブロッコリーは小房に分け、ため水の中で振り洗いをし、茎は根本と固い部分を除き、乱切り。\r\n4　じゃが芋は皮を剥き、食べやすい大きさに切る。1人3切れ。耐熱容器に入れてラップをふんわりとかける。\r\n5　電子レンジで加熱。600w1分30秒。取り出し調味料Aを加え混ぜる。\r\n6　フライパンにオリーブオイル小さじ1/2を熱し、ブロッコリーを入れて強火で焼く。焼き色がついたら水を入れてフタをし、1分くらい蒸し焼きにする。塩少々をふり取り出す。\r\n7　6のフライパンにオリーブオイル小さじ1/2・あれば牛脂を熱し、牛肉を表になる面から入れ焼く。強火2分~.\r\n8　牛肉を返し裏面も中火で1分くらい焼く。\r\n9　両面焼き色がつき、好みの火通りになったらアルミホイルで包み、温かいところで保温する。3分~\r\n10　カップにソース用Bを入れて混ぜる。ラップをせずに電子レンジで加熱。600w30秒くらい。ソースです。\r\n11　10にステーキの肉汁を加え、混ぜる。皿にステーキ・ブロッコリー・ガーリックポテトを添える。\r\n12　ステーキの上に輪切りのレモン・バターをのせる。ソースをかける。',5,9,0,NULL,NULL,0,0,0,'2021-11-05 06:55:55','2021-11-05 06:55:55'),(37,1,'クラムチャウダー(1人分)','1　あさりは塩水(水250ccに塩小さじ1/2)につけてアルミホイルなどでフタをして冷暗所に置き、砂出しをする。流水の下でこすり洗いし、殻の汚れを落とし水気を切る。\r\n2　ベーコンは幅1cmに切る。カップにあさりと切ったベーコン・スープ素A全てを加え混ぜる。\r\n3　ラップをふんわりとかけ、あさりの口が開くまで電子レンジで加熱。600w1分~。\r\n4　ラップをはずす。',2,9,0,NULL,NULL,0,0,0,'2021-11-05 07:04:03','2021-11-05 07:04:03'),(38,1,'グリーンサラダ','1　グリーンリーフは食べやすい大きさにちぎり、水にさらし水気を切る。セロリは筋を除き斜め薄切り。\r\n2　皿にグリーンリーフ・セロリを盛り付ける。ドレッシングをかける。',3,1,0,NULL,NULL,0,0,0,'2021-11-05 07:05:37','2021-11-05 07:05:37'),(41,1,'バラのクレープ','1　カップに薄力粉大さじ１・砂糖小さじ1を入れてざっと混ぜ、卵・バニラオイルを加え、ダマがなくなるまでよく混ぜる。\r\n2　牛乳大さじ1を加えよく混ぜる。フライパンにバター2gを入れて熱し、焦がさないように溶かす。生地に加え混ぜる。\r\n3　色素・水少々は混ぜ合わせ色素液とする。色素液を2に適量加え、混ぜる。\r\n4　ペーパーでバターをなじませ、生地を混ぜてから流し入れ、均一に広げて焼く。クレープの縁がチリチリとして色がつき、焼き色がついたら返す。反対の面も10秒ほど焼きバットに取り出しラップをかけ、粗熱を取る。\r\n5　カップにカスタードクリームパウダー小さじ1・牛乳小さじ2を入れよく混ぜる。クレープの半面にカスタードクリームを塗り、半分に折りたたむ。円錐状になるようにふんわりと巻き、長さを半分に切る。\r\n6　5の上部の口が広い方の巻きをほどき、下部を芯にして上部をふんわりと巻きつける。皿にクレープをのせて形をととのえる。ジャム小さじ1・ミントの葉1枚を飾る。',6,9,0,NULL,NULL,0,0,0,'2021-11-05 09:50:59','2021-11-05 09:50:59'),(42,1,'鰤の竜田揚げ&長芋わかめ天','1　ボウルに万能だれを入れよく混ぜる。\r\n2　万能だれを鰤の滝田あげ用・長芋わかめ天用・チャーシュー用に分ける。順に小さじ4・2・(4×2)。長芋は皮を剥き半月切り、1人2切れ。\r\n3　鰤は余分な水分は除き、ウロコがあれば除き、1人3~4切れの乱切り。10分ほど塩小さじ1/4をしておき、水気のみ除く。ボウルに入れ万能だれで下味を10分つけておく。\r\n4　ワカメは5分くらい水に戻し、水気を切りみじん切り。ボウルにわかめと長芋わかめ天用たれを入れて混ぜ衣を作る。わかめ衣Aと言います。\r\n5　大根は皮をむき、盛り付け直前にすりおろし、水気を切る。しし唐辛子はヘタを1cmくらい残して斜めに切り、腹に1カ所切り込みを入れる。\r\n6　180度くらいの油でしし唐辛子をあげる。バットに取り出し油を切る。\r\n7　長芋にわかめ衣をつけ、170度位の油で温度を上げながら揚げる。バットに取り出し油を切る。長芋わかめ天の完成。\r\n8　鰤の汁気を切り片栗粉大さじ2をつけ、余分な粉をはたき、170度位の油で温度を上げながらあげる。バットに取り出し油を切る。鰤の滝田あげの完成。\r\n9　皿に鰤の滝田あげ・長芋わかめ天・しし唐辛子を彩りよく盛り付け、大根おろしを添え、ポン酢じょうゆ1人小さじ1/2をかける。',1,10,0,NULL,NULL,0,1,0,'2021-11-05 10:06:25','2021-11-05 10:06:25'),(43,1,'圧力調理バッグで時短チャーシュー','1　豚バラ塊肉は長さを半分に切る。脂肪の部分が外側に来るように、弓形に丸めてたこ糸で形をととのえながら、しばる。竹串で数カ所穴を開ける。\r\n2　それぞれの調理バッグに万能だれ小さじ4を入れ、豚肉を加えてよくもみ込み、下味をつける。10分くらい。\r\n3　白ねぎは長さ5cm位に切り、周りの白い部分を千切りにし、水にさらしておく、白髪ねぎです。芯の部分はみじん切り・加熱後たれに使用。\r\n4　調理バッグを耐熱皿にのせる。それぞれ電子レンジで加熱。600w6分~。加熱が終わったらそのまま庫内で蒸らす。\r\n5　開封し皿に取り出し、タレが熱いうちに白ねぎ(みじん切り)を加えて混ぜ、そのまま粗熱を取る。\r\n6　たこ糸を外し、丸い形を生かして薄切りにする。さらに盛り付け、白髪ねぎをこんもりと盛り、お好みでラー油をかける。\r\n\r\n＊ 調理バッグ1枚で2人分を加熱する。',5,10,1,NULL,NULL,0,0,0,'2021-11-05 10:15:15','2021-11-05 10:15:15'),(44,1,'ザーサイとカブの豆乳みそ汁','1　カブは茎の付け根から切り、皮をむき、厚さ5mmのいちょう切り。茎と葉は長さ3cmにきる。\r\n2　鍋にザーサイ・かぶ・水300ccを入れてひと煮させる。かぶの茎・葉を加えて加熱する。\r\n3　火が通ったら調製豆乳240ccを入れて温め、みそ顆粒を加え、ひと混ぜし火を止める。椀に注ぎ入れる。',2,10,0,NULL,NULL,0,0,0,'2021-11-05 10:20:12','2021-11-05 10:20:12'),(45,1,'アップルサイダーゼリー','1　ミントの葉は洗って水気を切っておく。\r\n2　りんごジャムは器に分け入れる。\r\n3　粉ゼラチン小さじ2は使う直前に湯(50~60度・40cc)にふり入れ、溶かす。ゼラチン液です。\r\n4　サイダーにゼラチン液を入れ混ぜる。\r\n5　器に分け入れ、冷蔵庫で冷やし固める。\r\n6　サイダー小さじ4をかけ、ミントの葉を飾る。(サイダー小さじ1が1人分)',6,10,0,NULL,NULL,1,0,0,'2021-11-05 10:26:42','2021-11-05 10:26:42'),(46,1,'真鯛のポワレ~サルサヴェルデ仕立て~','1　鯛は余分な水気を除き、ウロコがあれば除き、腹に沿って皮面に切り込みを2箇所入れ、岩塩小さじ1/4黒こしょう少々で下味をつける。\r\n2　人参は皮をむき、長さ8mmの輪切りまたは半月切り(1人2~3切れ)。かぶは葉付きのまま4等分に切り、茎の付け根をよく洗い皮をむく。\r\n3　ブロッコリーは小さめの小房に分け、ため水の中で振り洗いし、茎は根元と固い部分を除き、小房と同じ大きさの乱切り。\r\n4　フライパンにオリーブオイル小さじ1を熱し、人参かぶを入れ、焼き色をつける。両面に焼き色がついたら、水を加えてフタをし、水分がなくなるまで蒸し焼きにし取り出す。\r\n5　鯛の表面に出てきた水気を拭き、表面全体に薄力粉をつけ余分な粉を落とす。4のフライパンにオリーブオイル小さじ2を足し、皮面から加熱。中~強火5分。\r\n6　皮面にしっかりと焼き色がついたら、余分な脂があれば除き、身の部分も焼く。中火2分くらい。\r\n7　鍋に水160cc・コンソメ小さじ1/2を入れひと煮立ちさせる。ブロッコリーを加え柔らかくなるまで加熱。弱火4分〜。ざるに上げ粗熱を取る。茹で汁も取っておく。\r\n8　ミキサーにブロッコリー・茹で汁小さじ2・半量の生クリームを入れ、滑らかになるまで15秒ほど回す。残りの生クリームを加え、2~3回まわす。\r\n9　岩塩・黒こしょう各少々で味をととのえる。サルサヴェルデです。皿にサルサヴェルデ・鯛・野菜を盛り付ける。エキストラバージンオリーブオイル小さじ1/2をかけ岩塩少々を振る。',1,11,0,NULL,NULL,0,0,0,'2021-11-05 10:41:44','2021-11-05 10:41:44'),(47,1,'ホタテのサフランリゾット','1　ほたて貝柱は余分な水気を抜き、ほたて味付けで下味をつける。にんにくは皮・芯を除きみじん切り。玉ねぎもみじん切り。\r\n2　ほたて貝柱の両面に薄力粉をまぶす。余分な粉は叩いて落とす。フライパンにオリーブオイル小さじ1を熱し、ほたて貝柱を入れ両面さっと香ばしく強火で焼き、取り出す。ホタテのソテーです。\r\n3　同じフライパンににんにく・オリーブオイル小さじ2・16gの半量のバターを入れ、香りが出るまで加熱する。弱火で。玉ねぎを加え色付いてくる手前まで中火で加熱する。\r\n4　米を加え、米が透き通るまで炒める。中火~強火で。一度火をとめ、白ワイン40ccを加えアルコール分をとばす。\r\n5　スープAを200cc(米にかぶるくらい)加え、時々混ぜながら加熱、中火で5~8分くらい。水分がなくなってきたら、スープを100ccずつ2~3回に分けて加え、アルデンテに仕上げる。\r\n　（中火。スープを加えてから合計16〜18分)\r\n6　火を止め、残りのバター(8g)、粉チーズを加え、岩塩黒こしょう各少々で味をととのえる。皿に盛り付け、ホタテのソテーをのせセルフィーユを重ねる。\r\n\r\n＊ 鍋に水・サフラン・コンソメを入れて火にかけ、温めておく。(スープA)\r\n     水600~640cc・コンソメ小さじ2・サフラン24本',1,11,0,NULL,NULL,0,0,0,'2021-11-05 10:55:39','2021-11-05 10:55:39'),(48,1,'トマトドレッシングのサラダ','1　グリーンリーフは食べやすい大きさにちぎり、水にさらし水を切る。トマトはヘタを除いて洗い、1cmの角切り。\r\n2　ボウルにトマト・砂糖・岩塩を入れ5分くらい置きマリネする。ドレッシング用材料Aも加え、混ぜる。\r\n3　皿にグリーンリーフを盛り付け、トマトドレッシングをかける。',3,11,0,NULL,NULL,0,0,0,'2021-11-05 11:04:32','2021-11-05 11:04:32'),(49,1,'塩キャラメルミルフィーユ','1　冷凍パイシートは、使用する5分前に室温に戻し、フォークで数カ所穴を開ける。縦4等分に切り、長さを3等分に切る。(1人3切れ)\r\n2　クッキングシートを敷いた天板に冷凍パイシートを並べる。牛乳小さじ1を塗る。\r\n3　アーモンドスライスをのせ、オーブンで焼く。電気220度10分・ガス210度8分\r\n4　ボウルに塩キャラメルクリームAを入れ、滑らかになるまでよく混ぜる。塩キャラメルクリームです。\r\n5　皿にパイ・キャラメルクリームを組み立てる。\r\n6　キャラメルシロップ小さじ1/2をかけ、粉糖小さじ1/8をふるう。(1人分)',6,11,0,NULL,NULL,0,1,0,'2021-11-05 11:21:54','2021-11-05 11:21:54'),(50,1,'ボロネーゼのラザニア','1　玉ねぎは根元を除きザク切り。セロリは筋を除きザク切り。にんじんも皮をむきざく切り。にんにく10gは皮芯を除く。\r\n2　チョッパーに1を入れ、みじん切りにする。合い挽き肉は塩小さじ1/4・黒こしょう少々をもみ込み、下味をつける。\r\n3　バター20gは室温に戻し、薄力粉小さじ2・ココアバター小さじ1/2と混ぜ合わせる。（ココアバター)。市販のホワイトソースに牛乳80ccを少しずつ加えて混ぜて、伸ばす(ホワイトソース)。\r\n4　ラザニアは塩大さじ1・オリーブオイル小さじ1/2を入れた熱湯1.5Lで2分茹で、水気を切る。\r\n5　フライパンにオリーブオイル小さじ2を熱し、玉ねぎ・セロリ・人参・にんにく・塩小さじ1/8を入れ、半量くらいになるまで焦がさないように炒める。中火~強火10分位。\r\n6　野菜を端に寄せ、フライパンにオリーブオイルを小さじ1/2を足し、合い挽き肉を加え、全体に香ばしい焼き色がつくまで焼き固め、ほぐしながら強火5分くらい炒める。\r\n7　火を止め赤ワインを加え、再度加熱してアルコール分を飛ばしながら強火で炒める。ソースAを加え、強火3分くらい煮る。\r\n8　ココアバターに7を少量加えて溶きのばし、7に加え、強火1分くらい加熱する。塩小さじ1/8・黒こしょう少々で味をととのえる。ボロネーゼソースと言います。\r\n9　グラタン皿にボロネーゼソース(1)をスプーン1杯敷いて、ラザニアを半分敷き、(1)をスプーン1杯くらいのせて広げる。ホワイトソース(2)をスプーン半分くらいかける。\r\n10　ラザニアを折りたたみ、(1)・(2)→ラザニア半分→(1)・(2)と重ねる。\r\n11　ラザニアを折りたたみ、残りの(1)・(2)をかけ、ピザ用チーズをのせる。\r\n12　天板にのせオーブンで焼く。電気230度10分。ガス220度10分~。受け皿にのせパセリをふる。',4,12,0,NULL,NULL,0,0,0,'2021-11-06 02:17:02','2021-11-06 02:17:02'),(51,1,'オニオングラタンスープ','1　玉ねぎは根元を除き、繊維に逆らった薄切り。鍋にオリーブオイル小さじ1を熱し、玉ねぎ・塩小さじ1/8を入れ、飴色になるまで炒める。中火~強火10分。\r\n2　水・コンソメ(スープ素A)を加え、5分加熱。塩・黒こしょう少々で味をととのえる。\r\n3　クッキングシートを敷いた天板にバゲットをのせ、ピザ用チーズをのせる。オーブンで焼く。電気230度5分。ガス220度5分~。\r\n4　器にオニオンスープを盛り付け、3のチーズバゲットをのせる。黒こしょう少々を振る。\r\n\r\n＊ オーブン予熱必要',2,12,0,NULL,NULL,0,0,0,'2021-11-06 02:23:01','2021-11-06 02:23:01'),(52,1,'スモークサーモンのサラダ','1　スモークサーモンは1人4切れくらいに切る。グリーンリーフ・トレビスは食べやすい大きさにちぎり、水にさらし水気を切る。セロリは筋を除き、斜め薄切り。\r\n2　皿にグリーンリーフ・トレビス・セロリを盛り付け、スモークサーモンをのせる。ドレッシングをかける。\r\n  \r\n＊ ドレッシング;  キューピーレモンドレッシングは1人小さじ1。',3,12,0,NULL,NULL,0,0,0,'2021-11-06 02:27:15','2021-11-06 02:27:15'),(53,1,'チョコバナナパフェ','1　バナナは皮付きのまま長さ5cmくらいの斜め切り、1人2切れ。いちごはヘタを除いて洗い、縦半分に切る。\r\n2　カステラは4 等分に切る。チョコレートクリームの材料を合わせて、8分立てにする。チョコレートクリームです。\r\n3　チョコレートシロップ小さじ2*はラップに計量。ミントの葉は洗い水気を除いておく。\r\n4　グラスにコーンフレークを入れ、カステラをちぎりながら加える。\r\n5　チョコレートクリームをのせ、皮を剥いたバナナ・イチゴを飾る。\r\n6　チョコレートシロップ(1人小さじ1/2)*をかけ、ミントの葉を飾る。',6,12,0,NULL,NULL,0,0,0,'2021-11-06 02:33:49','2021-11-06 02:33:49'),(54,1,'チーズタッカルビ','1　鶏もも肉は余分な水気・脂肪を除き、1人4切れに切る。玉ねぎは根元を除き、幅1cmのくし形切り。\r\n2　ビニール袋に合わせ調味料Aを入れて混ぜ、鶏肉を加えてもみ込み、下味をつける。10分~\r\n3　フライパンにごま油(濃口)小さじ1を熱し、玉ねぎを入れて透き通るまで中火~強火で炒める。\r\n4　玉ねぎを端に寄せ、汁気を切った鶏肉を皮面を下にして加え焼き色がつくように加熱し、火を通す。ビニール袋の残った合わせ調味料Aを加え、煮からめる。\r\n5　火を止めピザ用チーズ60gをのせ、フタをして予熱で溶かす。\r\n6　フタを取り、全体をざっくりと混ぜ、お好みでコチュジャンを加えて混ぜる、さらに盛り付ける。',5,13,0,NULL,NULL,0,0,0,'2021-11-06 05:20:47','2021-11-06 05:20:47'),(55,1,'5種ナムルのビビンバ','1　春菊は茎から葉を外し(上の方の柔らかい部分は茎も使用すると良い)、長さを半分にちぎり、水にさらし水気を切る。\r\n2　わかめ乾燥は鶏がらスープの素を加えた水Aで戻し(5分くらい)、水気を切る。たくわんは千切り。\r\n3　セロリは筋を除き、斜め薄切り。さきいかは太ければさく。紫キャベツは葉は丸めて千切り、芯は薄切りにしてから千切りにし、塩小さじ1/8を加えて混ぜる。10分くらい。\r\n4　①ボウルに春菊・鶏ガラスープの素小さじ1/4を入れてなじませ、ごま油(濃口)小さじ1を加え和える。\r\n5　②ボウルにわかめ・ごま油小さじ1を入れ和える。\r\n6　③ボウルにたくわん・白炒りごま小さじ1・ごま油小さじ1を入れ和える。\r\n7　④ボウルにセロリ・さきいか・調味酢小さじ2をいれ和える。10分~。\r\n8　⑤ボウルに水気を絞った紫キャベツ・調味酢小さじ2を入れ和える。10分~。\r\n9　皿にご飯を盛り付け、5種ナムルをバランスよく盛り付ける。温泉卵をのせコチュジャンを添える。',4,13,0,NULL,NULL,0,0,0,'2021-11-06 05:32:11','2021-11-06 05:32:11'),(56,1,'卵と海苔のスープ','1　卵はよくときほぐす。鍋に水480~520cc・鶏ガラスープの素小さじ2を入れひと煮立ちさせる。\r\n2　卵を流し入れてひと混ぜし、塩小さじ1/8・白こしょう少々で味をととのえる。\r\n3　火を止め、ごま油濃口小さじ1/2を入れてひと混ぜする。器に分入れ、きざみ海苔を加え、白炒りごまをふる。\r\n      1人分がきざみ海苔1g・白炒りごま小さじ1/4。',2,13,0,NULL,NULL,0,0,0,'2021-11-06 05:38:56','2021-11-06 05:38:56'),(57,1,'ゆず茶のケーキ','1　ボウルに卵を割ほぐし、砂糖を加えてすり混ぜる。\r\n2　牛乳40cc・ごま油(白)小さじ8を加え、その都度混ぜる。\r\n3　生地用Aを合わせてふるい入れ、滑らかになるまで混ぜる。\r\n4　紙型に分入れ、空気抜きをして天板にのせる。\r\n5　ゆず茶40gをのせオーブンで焼く。電気180度18分。ガス170度15分~。\r\n6　皿に盛り付ける。\r\n\r\n＊ オーブン予熱必要',6,13,2,NULL,NULL,0,1,0,'2021-11-06 05:45:32','2021-11-06 05:45:32'),(58,1,'フォアグラハンバーグステーキ','1　玉ねぎは細かいみじん切り、パン粉は牛乳大さじ4を加え、湿らせる。卵はよくときほぐす。\r\n2　じゃが芋は皮をむき、芽を除き、厚さ5mmの半月またはいちょう切り。水にさらす。5分~。水気を切ってかぶるくらいの水を加えて火にかけ、竹串がスッと通るくらいの柔らかさになったら、湯を切って塩小さじ1/4を加え\r\n　  再び火にかけて鍋をゆすり、粉をふかす。\r\n3　火を止め熱いうちにゴムベラやすりこ木でつぶし、牛乳40ccを加え、切り混ぜる。再び加熱し、焦さないように混ぜながら、ひと煮立ちさせる。火をとめてトリュフオイル小さじ1を加えて混ぜる。\r\n4　ボウルに合い挽き肉・黒こしょう少々・マスタード小さじ2を入れ、粘りが出るまでよくこねる。玉ねぎ・湿らせたパン粉A・卵1個を加え、さらに均一になるまでこね4等分にする。\r\n5　手に水をなじませ、4を空気抜きしながら小判型に整え、中央を少し窪ませる。フライパンにサラダ油小さじ1を熱し、両面に焼き色をつける。\r\n6　余分な脂を除き、火を止めマデラ酒40ccを加えて再度加熱しアルコール分を飛ばし、フタをして蒸し焼きにする。中火2分~.\r\n7　ハンバーグソースBを加え、2/3量位になるまで煮詰める。強火2分~。皿にハンバーグを取り出しソースに水溶き片栗粉Cを様子を見ながら加えて加熱し、とろみをつける。\r\n8　フォアグラの両面に岩塩・黒こしょう各少々をし、加熱直前に薄力粉をまぶす。余分な粉は叩いて落とす。フライパンにサラダ油小さじ1/2を熱し、中火~強火で焼く。焼き色がついたら火を少し弱め、裏面も焼く。\r\n9　ペーパーを敷いたバットに取り出す。ハンバーグにソースをかけ、フォアグラをのせ、マッシュポテトを添える。ピンクペッパー(1人2粒)・セルフィーユを飾る。',5,14,0,NULL,NULL,0,1,0,'2021-11-06 06:24:01','2021-11-06 06:24:01'),(59,1,'キャロットポタージュ','1　人参は皮をむき、縦半分に切り、斜め薄切り。鍋にバターを入れて加熱し、バターが半分くらい溶けてきたら、人参・塩を加えて炒める。鍋が温まるまで強火・弱火15分~。\r\n2　にんじんの量が半分くらいになったら、水・コンソメを加え、水分がほぼ無くなるまで煮る。弱火5分~。火を止め粗熱を取る。\r\n3　人肌くらいの温度まで下がったら、ミキサーカップに入れ、牛乳を少量加え(400ccのうち少量)ピューレ状にする。\r\n4　人参のピューレを鍋に移し、ミキサーカップに残りの牛乳の半量を入れ、攪拌させる。\r\n5　鍋の人参のピューレにミキサーカップの牛乳・残り全ての牛乳を加えて均一に混ぜる。\r\n6　温めて味見をし、塩小さじ1/4・黒こしょう少々で味を整える。器にポタージュを注ぎ、パセリを振る。',2,14,0,NULL,NULL,0,1,1,'2021-11-06 06:26:23','2021-11-06 06:26:23'),(61,1,'グリーンサラダ','1　グリーンリーフ・トレビスは一口大にちぎり、水にさらし水気を切る。きゅうりはピーラーで薄切りにし、巻く。残りは千切り。\r\n2　人参は皮をむき、ピーラーで薄切りにし巻く。残りは千切り。キウイフルーツは皮をむき、半月切り。\r\n3　皿に千切りにしたきゅうり・人参・グリーンリーフ・トレビスを盛り付ける。きゅうり・人参・キウイフルーツを飾り、ドレッシング(1人小さじ2)をかける。\r\n\r\n＊ ドレッシング;  キューピーコブサラダドレッシング',3,14,0,NULL,NULL,0,0,0,'2021-11-06 06:39:35','2021-11-06 06:39:35'),(62,1,'珈琲プリン','1　インスタントコーヒーは①②それぞれ作る。ボウルに卵を割り入れ、よくときほぐす。\r\n2　別のボウルに生地Aを入れよく混ぜ溶かし、①のコーヒー液を入れる。卵液を加えて混ぜ、ぬらした茶漉しでこして器に注ぐ。\r\n3　鍋に湯を張り、沸騰させ、火を止め、ザルを入れ、2を並べてフタをし、強火で2~3分加熱し、弱火または保温する。10分~。竹串を刺し液体が出てこなければ、粗熱を取り冷蔵庫で冷やす。\r\n4　鍋に砂糖大さじ2を入れ、水小さじ1を加え、全体をよく湿らせてから火にかける。中火~強火。全体がカラメル色になるまで加熱。この時木べら等で混ぜない。\r\n5　濃いカラメル色になったら火を止め、②のコーヒー液を加える。手早く鍋をゆすり、再び弱火にかけカラメルを均一に溶かす。器に入れて粗熱を取り、冷蔵庫で冷やす。\r\n6　生クリームは盛り付け直前に、8分立てにする。珈琲プリンにのせ、5をかける。',6,14,0,NULL,NULL,0,0,0,'2021-11-06 06:50:34','2021-11-06 06:50:34'),(63,1,'チキン南蛮~たくあんタルタル添え~','1　鶏もも肉は、余分な水分脂肪を除き、厚みがあれば均一にし、竹串またはフォークなどで皮面に穴を開け、塩小さじ1/2・黒こしょう少々をもみ込む。衣用の卵はよくときほぐし、衣用の材料Aと混ぜ合わせる。\r\n2　南蛮酢Bを合わせて混ぜる。卵1個は茹で卵用Cで沸騰後10分茹で、水にとって冷まし、皮をむく。茹で卵完成。\r\n3　たくわんはみじん切り。トマトはヘタを除き洗ってくし形にし、さらに斜め半分に切る、1人2切れ。\r\n4　フライパンにサラダ油小さじ4を熱し、鶏肉に衣をつけて皮面から入れ、強火6分くらい焼く。\r\n5　焼き色がついたら裏返し、余分な脂を除きながら、火が通るまで中火で6分焼く。\r\n6　ボウルにたくわんタルタル用の酢小さじ1・砂糖小さじ1・塩小さじ1/8・黒こしょう少々を混ぜ溶かし、玉ねぎを加えてあえる・5分~。ゆで卵の白身を加え、粗みじんに潰す。\r\n7　黄身を加えて潰しざっくり混ぜる。たくわん・マヨネーズを加えざっくりと混ぜる。たくわんタルタルソース完成。\r\n8　皿に水菜・トマト・レモンを盛り付ける。チキンを南蛮酢にさっとくぐらせ盛り付ける。\r\n9　残りの南蛮酢・たくわんタルタルソースをかける。',5,15,0,NULL,NULL,0,1,0,'2021-11-06 10:11:33','2021-11-06 10:11:33'),(65,1,'キャベツのかきたまみそ汁','1　キャベツは葉と芯に分け、芯は薄切り・葉は丸めて幅5mmの千切り。\r\n2　鍋に水480~520cc・和風だしの素小さじ1を入れ、ひと煮立ちさせる。ボウルに卵を割りほぐす。\r\n3　キャベツを加えて混ぜる。鍋に加えて火を通す。1分~。\r\n4　火を弱め味噌を加え、一混ぜする。器に分け入れる。',2,15,0,NULL,NULL,0,0,1,'2021-11-06 10:20:43','2021-11-06 10:20:43'),(66,1,'あさりと春野菜の酒蒸し','1　あさりは塩水Aにつけて、アルミホイルなどでフタをして冷暗所に置き、砂出しをする。流水の下でこすり洗いをし、殻の汚れを落とし水気を切る。\r\n2　菜の花は根元を除き、長さ2〜3等分に切る。スナップえんどうはヘタ・筋を除き、斜め半分に切る。\r\n3　鍋にあさり・酒大さじ1を入れてフタをし、口があくまで酒蒸しにする。\r\n4　あさりの口がひらいたら、菜の花・スナップえんどうを加えてフタをし、さっと火を通す。\r\n5　味見をし薄ければ、塩少々で味をととのえる。器に盛り付ける。',1,15,0,NULL,NULL,1,0,1,'2021-11-06 10:26:27','2021-11-06 10:26:27'),(67,1,'抹茶豆乳ババロア','1　粉ゼラチンは、使う直前に湯(50~60度)40ccに振り入れとかす。\r\n2　生クリームは6分立てにする(ホイップクリーム)。ボウルにホイップクリーム用Aを入れて混ぜる。\r\n3　調製豆乳160ccを少しずつ加えて混ぜ、溶かしたゼラチンを加えて混ぜる。\r\n4　ホイップクリームを2~3回に分けて加え、切り混ぜる。\r\n5　器に分入れ、冷蔵庫で冷やし固める。\r\n6　抹茶豆乳ババロアに生クリームをかけ、茹で小豆をのせる。\r\n      生クリームは1人分が小さじ1。茹で小豆は4人で60g。',6,15,0,NULL,NULL,0,0,0,'2021-11-06 10:39:50','2021-11-06 10:39:50'),(68,1,'桜ごはん','1　焼き海苔は長さを活かして半分に切る。桜の花の塩漬けは、塩を水でさっと洗い、水気を除く。\r\n2　鍋にご飯用材料Aと桜の花の塩漬け4個を入れ、フタをし加熱。強火で。沸騰したら弱火にして10分炊き、10分蒸らす。ラップの上に焼き海苔を置き、桜ごはんを1/4量のせ、左右はギリギリまで奥は1cm空けておく。\r\n3　焼き海苔の端を持って、半分に折りたたみ、、ラップの上からしずく型に整える。ラップを外し5等分に切る。器に花びらの形に盛り付け、桜の花の塩漬けを飾る。',4,16,0,NULL,NULL,0,0,0,'2021-11-06 15:28:08','2021-11-06 15:28:08'),(69,1,'レンジで作る洋風つくね','1　ビニール袋に合い挽き肉・塩小さじ1/4黒こしょう少々・玉ねぎ・パン粉小さじ8・水小さじ8を入れ、粘りが出るまでよくこねる。12等分にする。\r\n2　調味液Aを合わせた耐熱ボールにペーパーを浸し、手に水をつけて4を丸めながら加え、ペーパーを被せ、調味液を上からかけてまんべんなく湿らせる。電子レンジで加熱。600W6分くらい。＊ 耐熱用ボウル1つで2人分を加熱。\r\n3　取り出してペーパーを軽く絞って取り除き、からめて冷ます。器にグリーンリーフ(洗った後水気をしっかりと除いておく)を敷きつくねを盛り付ける。',5,16,3,NULL,NULL,0,0,0,'2021-11-06 15:38:56','2021-11-06 15:38:56'),(70,1,'海老と青じその春巻き','1　海老は殻付のままで塩・真水で洗う。背ワタを除き、尾と第一関節を残して、殻をむき、立て塩A・真水で洗い、水気を除く。春巻きの皮は斜め半分に切る。\r\n2　青紫蘇は軸を除く。春巻きの皮の中央に青じそ・海老を尾をだして置き、きざみしょうがをのせる。周囲にのりをぬり、巻く。巻き終わりを下にして置く。\r\n3　フライパンにサラダ油小さじ4を熱し、春巻きの閉じ目を下にして入れ、転がしながら全体に香ばしい焼き色がつき、火が通るまで揚げ焼きにする。ペーパーを敷いたバットに取り出す。器に盛り付ける。',1,16,0,NULL,NULL,1,0,0,'2021-11-06 15:46:54','2021-11-06 15:46:54'),(71,1,'和風ジャーマンポテト','1　じゃが芋は皮をむき、厚さ2mmの半月切りにし、水に5分~さらし水気を切る。\r\n2　菜の花は根元を除き、長さを半分に切る。ベーコンは幅1cmに切る。\r\n3　フライパンにサラダ油小さじ1を熱し、じゃが芋・菜の花・ベーコンを入れ、ジャガイモが透き通ってくるくらいまで炒める。\r\n4　味付け用を加え、からめるように炒め、塩少々で味をととのえる。器に盛り付ける。',8,16,0,NULL,NULL,0,0,0,'2021-11-06 15:51:29','2021-11-06 15:51:29'),(72,1,'切り干し大根のゆかり甘酢','1　調味酢小さじ4・ゆかり小さじ1は混ぜ合わせる。ゆかり甘酢です。切り干し大根30gはさっと水で洗い、水に10分~漬ける。\r\n2　水気を絞り、耐熱皿に広げ、ラップをかけずに電子レンジで加熱する。600W2分くらい。\r\n3　温かいうちにゆかり甘酢に加え、5分くらい漬ける。器に汁気を切って盛り付ける。',8,16,0,NULL,NULL,1,0,0,'2021-11-06 15:56:27','2021-11-06 15:56:27'),(73,1,'卵焼き','1　ボウルに卵を割りほぐし、水小さじ2・砂糖小さじ2・塩少々を加え、よく混ぜる。フライパンにサラダ油小さじ1/2を熱し、卵液を流し入れ、半熟状になるまで大きく混ぜる。両端を折りたたんで長さ10cmにし巻く。\r\n2　ラップに取り出し形をととのえ、冷ます。4等分に切る。器に盛り付ける。',8,16,0,NULL,NULL,0,0,0,'2021-11-06 15:59:22','2021-11-06 15:59:22'),(74,1,'桜餅','1　色素を少量の水で溶く。黒こしあんは4等分にして丸める。\r\n2　白玉粉に分量の水70ccの半量を加え、ときのばす。薄力粉40gをふるい入れ、砂糖小さじ4・残りの水を加えよく混ぜる。\r\n3　溶いた色素を様子を見ながら加え、薄いピンク色に着色し、カップに2等分にする。\r\n4　フライパンにサラダ油小さじ1/2を熱し、2の生地を流し入れ、フライパンを傾けながら直径16cmくらいに伸ばす。表面が乾いたら裏返し、さっと焼く(2枚)。\r\n5　生地を半分にきって、黒こしあんをのせ、円錐状に巻く。\r\n6　クッキングシートで包み、器に盛り付ける。',6,16,0,NULL,NULL,0,1,0,'2021-11-06 16:07:36','2021-11-06 16:07:36'),(75,1,'うにトマトクリーム仕立てのロールキャベツ','1　キャベツは熱湯でしんなりするまで1~2分ゆでる。バットにあげ広げて冷ます。芯をそぎ取り巻きやすくする。削ぎ取った芯は包む時一緒に入れる。\r\n2　玉ねぎはみじん切り。にんにくは皮・芯を除き、潰す。ボウルにうにクリーム材料Aを入れよく混ぜる。\r\n3　ボウルに合い挽き肉・塩小さじ1/8・黒こしょう少々・ナツメグ少々・卵1個・玉ねぎが均一になるように混ぜる。8等分する。\r\n4　キャベツの内側を上にして、芯の方を手前に広げる。たねを俵型にし、キャベツの手前に横長に置き、キャベツの芯をのせる。手前片側だけを折って包み、奥へと転がす。\r\n5　折り畳んでいない反対側をたねに詰める。鍋に、にんにく・オリーブオイル小さじ1を入れて火にかける。弱火3分〜。にんにくの良い香りがしてきたら、木べらで潰す。\r\n6　スープ用材料Bを加え、ひと煮立ちさせ、アクが出たら除く。\r\n7　火を止めて、ロールキャベツの巻き終わりを下にして並べ、フタをして強火にかける。沸騰したら中火にして加熱する。\r\n8　フタを取り、煮汁をロールキャベツにかけながら、中火~強火で5分程、煮詰める。うにクリームを加え、弱火で2分ほど軽く煮る。\r\n9　ローリエを取り出し、ロールキャベツを器に盛りつけ、ソースを分け入れる、パセリを振る。',5,17,0,NULL,NULL,0,0,0,'2021-11-06 16:22:27','2021-11-06 16:22:27'),(76,1,'菜の花とアボカドのエッグサラダ','1　菜の花は根元を除き、長さを半分に切る。熱湯600ccに塩小さじ1/8より少々でさっと茹で、ザルにあげて冷まし、粗熱を取って水気を絞る。\r\n2　上記1に酢小さじ1・残りの塩を加え、冷蔵庫から出したての卵を静かに入れる。最初の2~3分は混ぜながら中火で、6分加熱する。水にとり、冷めたら水につけながら殻を剥く。\r\n3　味付け用Aの入ったボウルに菜の花・キャベツを加えてざっくり混ぜる。アボガドは果肉をくり抜いて加え、混ぜる。\r\n4　皿にこんもりと盛り付け、半熟ゆで卵半分に割り、盛り付ける。',3,17,0,NULL,NULL,0,0,0,'2021-11-06 17:22:20','2021-11-06 17:22:20'),(77,1,'カマンベールチーズのパーネ','1　天板にクッキングシートを敷き、ピザ用チーズを4 等分し、8cmくらいのリング状におく。ボウルにパンたね材料Aを計量し、イーストめがけて仕込み水を加え、しっかりと全体を混ぜる。\r\n2　全体がひとかたまりになってきたら、オリーブオイル小さじ4を加え、粉っぽさがなくなるまで混ぜる。台の上に取り出し、ムラがなくなるまでこねる。\r\n3　4分割する。生地をそれぞれ10cmくらいの円形に広げ、カマンベールチーズをのせ、生地を寄せて包み、閉じ目をしっかりと止める。＊ カマンベールチーズは4等分に切っておく。\r\n4　閉じ目を下にして、ピザ用チーズの上に置き、発酵させる。40度35分~。一度室温に取り出し、そのまま室温発酵。オーブンに予熱を入れる。電気230度12~15分・ガス220度8~10分\r\n5　オーブンで焼く。電気230度12~15分・ガス220度8~10分。皿に盛り付ける。',4,17,2,NULL,NULL,0,0,0,'2021-11-06 17:33:26','2021-11-06 17:33:26'),(78,1,'オレンジのパンナコッタ','1　オレンジは塩少々でこすり洗いをし、皮の上下を切り落とし、皮を除く。(白い部分と薄皮も。)\r\n2　薄皮と果肉の間に包丁を入れ、果肉を外し、薄皮の果汁を絞る。果肉は砂糖小さじ2を加えマリネする。\r\n3　鍋に生地Aを入れひと混ぜし、ひと煮立ちさせる。沸騰したら弱火にし、1分前後煮詰める。\r\n4　オレンジの皮以外をボウルに移し、粗熱を取り、粉ゼラチン小さじ2を加えてとかす。\r\n5　器に分入れ、冷蔵庫で冷やし固める。\r\n6　パンナコッタに2をのせ、ミントの葉を飾る。',6,17,0,NULL,NULL,0,0,0,'2021-11-06 17:39:30','2021-11-06 17:39:30'),(79,1,'ハッシュドビーフのオムライス','1　牛肩ロース薄切りは幅4cmくらいに切り、塩小さじ1/8・黒こしょう少々で下味をつける。にんにくは芯・皮を除き、つぶす。\r\n2　玉ねぎは根元を除き、繊維に逆らった薄切り。マッシュルームは厚さ5mmの薄切り。\r\n3　鍋ににんにく・オリーブオイルを入れて加熱し、弱火で香りをだす。玉ねぎ塩少々を加え、玉ねぎが少し色付くまでニンニクを潰しながら炒める。中~強火5分くらい。\r\n4　玉ねぎを端に寄せ、牛肉を加え少し赤みが残るくらいまで炒める。\r\n5　マッシュルームを加えてさっと炒め、薄力粉小さじ4を加え、さらに中火で1分位、炒める。\r\n6　火を止め、赤ワイン小さじ4を加えて再度加熱し、アルコール分を飛ばす。\r\n7　ソース用Aを加えて加熱をし、とろみがつくまで加熱する。(中火~強火5分~)。ローリエを取り除き、塩小さじ1/8・黒こしょう少々で味をととのえる。\r\n8　鍋にトマトライスBを入れて一混ぜし、フタをして加熱。沸騰まで強火、沸騰後弱火10分~。\r\n9　火を止め10分蒸らす。4等分にし皿にこんもりと盛り付ける。\r\n10　ボウルに卵2個を割り入れ、軽くほぐして混ぜ、卵味付けCを加え、ボウルの底に菜箸をつけながら手早く混ぜる。フライパンにオリーブオイル小さじ1/2を中火で熱し、火を強めてバター2gを溶かす。\r\n        ＊ 卵と卵味付けCの分量は１人分、×4必要になる。\r\n11　卵液を一気に流し入れ、ゆっくり卵液を混ぜる。卵がやや固まり始め、半熟状になったところで火を止め、フライパンを揺らす。\r\n12　９の上にのせ、ハッシュドビーフをかける。生クリーム(1人小さじ1/2)を回しかけ、パセリ少々を散らす。',4,18,0,NULL,NULL,0,1,0,'2021-11-06 18:06:18','2021-11-06 18:06:18'),(80,1,'コブサラダ','1　アボガドは種・皮を除き、1cmの角切り。\r\n2　赤パプリカは、ヘタ・たねを除き、1cmの角切り。\r\n3　きゅうりは1cmの角切り。\r\n4　コーンは汁気を切り、熱湯を回しかけ、水気を切る。ツナ缶は汁気を切る。\r\n5　ブラックオリーブは汁気を切り、4等分の輪切り。グリーンリーフは食べやすい大きさにちぎる。\r\n6　皿にグリーンリーフを敷き、アボガド・赤パプリカ・きゅうり・コーン・ツナ・煮小豆・ブラックオリーブを1列に並べるように盛り付ける。ドレッシング(コブサラダドレッシング)もかける。\r\n\r\n＊  表示内容は1人分ずつ。',3,18,0,NULL,NULL,1,1,1,'2021-11-07 14:43:55','2021-11-07 14:43:55'),(81,1,'いちごのスノーボールクッキー','1　ボウルに粉糖小さじ2・いちごパウダーを混ぜ合わせる。いちごシュガーAです。ビニール袋にバターを入れ、クリーム状になるようにもむ。\r\n2　粉糖を加え、さらにもんで混ぜる。薄力粉小さじ10・アーモンドパウダー大さじ1をふるいながら加える。\r\n3　ビニール袋に空気を入れて振り、バター全体に粉類をまぶしながらもんで混ぜる。\r\n4　全体がしっとりとまとまってきたら、生地を集めて5等分にし、丸める。クッキングシートを敷いた天板に並べる。\r\n5　オーブンで焼く。電気170度12分・ガス160度12分。焼き上がったクッキーの粗熱をとる。\r\n6　ほんのり暖かいうちに、1のいちごシュガーをまぶす。器に盛り付ける。\r\n\r\n＊. 表示材料は1人分。オーブン予熱必要。',6,18,2,NULL,NULL,0,1,0,'2021-11-07 14:51:04','2021-11-07 14:51:04'),(82,1,'四川風麻婆豆腐','1 豚バラ薄切り肉は粗みじん切り。白ネギ40gは縦に十字の切り込みを入れ、薄切りにし2等分する。\r\n2　トウチはみじん切り。青花椒はすべてミキサーカップに入れ粗めにかける。\r\n3　テンメジャン具材A(ネギは半量の20g)と2を入れ、良い香りがするまで弱火~中火3分で炒める。\r\n4　1の豚バラ薄切り肉・豚ひき肉を加え、しっかりと強火で炒め、火を通す。\r\n5　合わせ調味液Bを加えてひと煮立させる。\r\n6　残りの白ねぎ・水気を切った豆腐を大きめの一口大にすくって加え、強火3分で加熱する。\r\n7　豆腐が温まったら、(鍋の中で豆腐が踊る感じ)水溶き片栗粉(片栗粉大さじ1・水大さじ2)を加えとろみをつける。\r\n8　火を止めごま油小さじ1を加え、豆腐を崩さないように混ぜる。\r\n9　器に盛り付け、お好みでラー油小さじ1・青花椒小さじ1(4人分)をかける。',5,19,0,NULL,NULL,0,1,0,'2021-11-07 15:08:08','2021-11-07 15:08:08'),(83,1,'雲白肉~ウンパイロー~','1　豚バラ薄切り肉は、長さを半分に切る。きゅうりは長さを半分に切り、ピーラーで薄切りにし(1人6~8枚)残りは千切り。\r\n2　トマトはヘタを除いて洗い、縦半分に切り繊維に沿った厚さ5mmの薄切り。白ネギ40gは長さ5cm位に切り、周りの白い部分を千切りにし、水にさらし水気を切る。白髪ねぎです。芯の部分は潰す。\r\n3　フライパンに甜麺油のための準備Aを入れ、よく混ぜてから加熱。沸騰後弱火3分。粗熱をとる。甜麺油です。\r\n4　鍋に白ねぎ用B湯を沸かし、酒・白ねぎの芯を入れる。最沸騰後弱火にし、豚肉を4~5枚ずつ広げて加え、さっとくぐらせ火を通す。\r\n5　ザルに取り出して軽く水切りをし、温かいうちに豚肉全体に塩小さじ1/4を振ってなじませ、ごま油小さじ1を回しかけ常温で冷ます。\r\n6　皿にきゅうり・トマト・豚肉を盛り付け、白髪ねぎを乗せる。3の甜麺油をかけ、お好みでラー油・青花椒各小さじ1/2をかける。\r\n\r\n＊  青花椒塩はすべてミキサー(ミル)カップに入れ、粗めにかけておく。',5,19,0,NULL,NULL,0,1,0,'2021-11-07 16:00:37','2021-11-07 16:00:37'),(84,1,'黄金チャーハン','1　ボウルに卵2個を割りほぐし、卵用Aを加えて混ぜ、ご飯を加えて切り混ぜる。\r\n2　フライパンにサラダ油小さじ2を熱し、1を加える。強火でパラパラになるまで炒める。塩少々を加えて切り混ぜる。\r\n3　フライパンの中央を開け、醤油小さじ1/2を加え全体をさっと炒める。皿に盛り付ける。\r\n\r\n＊  2人分ずつ作る。表示は2人分。',4,19,0,NULL,NULL,1,1,0,'2021-11-07 16:07:55','2021-11-07 16:07:55'),(85,1,'杏仁プリン','1　粉ゼラチン小さじ2は使う直前に湯40cc(50~60度)に振り入れ溶かす。(ゼラチン液)。シロップAもクコの実12粒を加え作る。\r\n2　牛乳に砂糖を加え、混ぜ溶かす。\r\n3　ゼラチン液を加えて混ぜる。\r\n4　生クリーム40g・アーモンドエッセンスを加えて混ぜる。\r\n5　器に分入れ、冷蔵庫で冷やし固める。\r\n杏仁プリンにシロップAをかけ、クコの実を飾る。\r\n\r\n＊. 牛乳は使用する10分前に室温に戻しておく。',6,19,0,NULL,NULL,1,1,0,'2021-11-07 16:15:58','2021-11-07 16:15:58'),(86,1,'肉バルのラクレットプレート~豚肉のハニーロースト&ミートボール~','1　ベーコンはみじん切り。玉ねぎはみじん切り。ウインナー4本は熱湯に入れて火を止めフタをして温める・3分~。\r\n2　豚肩ロース塊肉は、使用10分前に室温に戻し、竹串で穴を開ける。塩小さじ1/2・黒こしょう少々をすり込む。10分~。マリネ用Aを入れ、豚肉を加えて10分~マリネする。\r\n3　フライパンにオリーブオイル小さじ1/2を熱し、マリネした豚肉の表面を色良く焼く。(1面につき中火~強火1分~)。アルミホイルを敷いた天板にのせ、オーブンで焼く。\r\n4　豚肉に竹串を刺し、透明な液体がでれば焼き上がり。そのままアルミホイルに包み、豚肉を5分~保温する。\r\n5　ボウルに合い挽き肉・ベーコン・塩小さじ1/4・黒こしょう少々を入れ、粘りが出るまでよくこねる。牛乳で湿らせたパン粉・玉ねぎを加えてこねる。\r\n6　4等分にする。一塊をさらに3等分にして丸め、フライパンに入れてから加熱し始め、転がしながら全体に焼き色をつける。\r\n7　余分な脂を除き、水40cc・コンソメ小さじ1/2を加えフタをし、中まで火を通す。中火3分~。\r\n8　フタを外し、ソース用味付けBを加え煮詰める。中火5分~。味見をし塩少々・黒こしょう少々で味をととのえる。4を切り分け、ミートボール・ウインナーとともに彩りよく盛り付ける。\r\n9　アルミホイルに残った肉汁はボウルに移し、上澄の脂を除き、ソースとしてかける。フライパンにラクレットチーズを入れ、中火で加熱して溶かし、ミートボールにかける。\r\n＊  パン粉は牛乳を加え湿らせておく。オーブン予熱必要。',5,20,2,NULL,NULL,0,0,0,'2021-11-07 16:35:13','2021-11-07 16:35:13'),(87,1,'あさりとレモンのパエリア','1　玉ねぎはみじん切り。トマトはヘタを除いて洗い、1cm角の角切り。レモンは塩少々でこすり洗いし、表皮のみすり下ろし、1人一切れのくし形切り。\r\n2　にんにくは皮・芯を除き、みじん切り。アサリは塩水用水につけてアルミオイルなどでフタをして、冷暗所に置き砂出しをする。流水の下でこすり洗いし、殻の汚れを落とし水気を切る。\r\n3　フライパンにあさり・白ワイン40ccを入れ、フタをして貝の口が開くまで加熱。ぬらして硬く絞ったペーパーを敷いたザルに取り出す。取り出した蒸し汁に水・ターメリック小さじ1/4を加えて400~440cc(スープ用A)とする。\r\n4　3のフライパンの水気を除き、オリーブオイル小さじ2・にんにく12gを入れ、良い香りがするまで弱火でじっくり炒める。玉ねぎを加え少し色づくまで炒める。\r\n5　米を加え、透き通るまでしっかりと炒める。3のスープ用Aにスープ用Bを加え均一に混ぜて表面をならし、水分がほぼなくなるまで加熱する。\r\n6　トマト・レモンの表皮・アサリを均一にのせ、フタをして炊く。弱火10~12分。\r\n7　火を止め10分~蒸らす。フタを外し強火で再加熱し(1分位)、余分な水分を飛ばす。\r\n8　全体を一混ぜし、皿に彩りよく盛り付け、パセリ少々を振り、レモンを添える。',4,20,0,NULL,NULL,0,0,0,'2021-11-07 16:51:55','2021-11-07 16:51:55'),(88,1,'オニオンサラダ','1　紫玉ねぎは、根元を除き、繊維に逆らった極薄切り。水にさらして水気を切る。皿にグリーンリーフとともに盛り付け、ドレッシングを1人小さじ1かける。\r\n\r\n＊  ドレッシング;　キューピーオリーブオイル&オニオンドレッシング',3,20,0,NULL,NULL,0,0,0,'2021-11-08 00:55:15','2021-11-08 00:55:15'),(89,1,'ストロベリースパークリング','1　粉ゼラチンは使う直前に湯(50~60度)20ccに振り入れ、溶かしておく(ゼラチン液)。\r\n2　いちごはヘタを除いて洗い、白い部分を切り、縦4等分に切る。\r\n3　ボウルにいちごジャム40g・ストロベリーリキュール小さじ2を入れて混ぜる。\r\n4　ゼラチン液を加えて混ぜる。\r\n5　冷蔵庫で冷やし固める。\r\n6　グラスに崩した5・いちごを分入れ、サイダー1人100ccを注ぐ。\r\n\r\n＊  サイダーは使う直前まで冷やしておく。',6,20,0,NULL,NULL,0,0,0,'2021-11-08 02:21:28','2021-11-08 02:21:28'),(91,1,'十勝若牛のステーキディッシュ','1　牛ステーキ肉は筋を両面切り、余分な脂肪を除き、30分ほど室温に戻す。塩小さじ1/4こしょう少々で下味をつける。\r\n2　大根は輪切り(1人1切れ)にし皮をむく。片面に隠し包丁を入れる。\r\n3　パセリは洗って水気を切り、葉のみつむ。小松菜は根元を除きざく切り。\r\n4　プチトマトはヘタを除いて、洗い、1カ所切り込みを入れ熱湯で10秒ほど加熱し水にとり湯むきする。\r\n5　ミキサーにパセリ・小松菜・ソースを入れ、滑らかになるまでミキサーにかける。レモングリーンソースAです。\r\n6　フライパンにオリーブオイル小さじ1/2を入れ、大根を盛り付ける時上になる面から焼き、両面色よく焼く。味付けBを加え、フタをし蒸し焼きにする。\r\n　  強火2分〜。火通りを確認しバットに取りだす。\r\n7　フライパンにオリーブオイル小さじ1/2を熱し牛肉を入れて焼く。中〜強火2分。返して裏面も中火で1分ほど焼く。\r\n8　両面焼き色がつき、好みの火通りになったらアルミホイルに包み、温かいところで3分〜保温する。食べやすい大きさに切る。\r\n9　皿にレモングリーンソースを敷き、ステーキ・大根・プチトマトを盛り付ける。',5,21,0,NULL,NULL,0,1,0,'2021-11-08 02:35:10','2021-11-08 02:35:10'),(92,1,'ガーリックライス','1　ニンニクは皮を除き繊維に逆らった薄切りにし、芯を除く。合わせ調味料Aを混ぜ合わせる。\r\n2　フライパンににんにく、オリーブオイル小さじ4を入れ、弱火〜中火8分の後、中火から強火1分で加熱(ガーリックオイル)。表面がきつね色になりカリッとしてきたら取り出す、ガーリックチップスです。\r\n3　ボウルにご飯・ガーリックオイルの半量を入れ、切り混ぜる。熱した2のフライパンに加え炒める。\r\n4　中央を開け、1の調味料Aを加え、さらに混ぜ合わせる。\r\n5　皿にガーリックライスを盛り付け、ガーリックチップスをちらす。\r\n\r\n＊. コメは洗米吸水(30分~)後、水を加えて炊いておく(1人120g)。',4,21,0,NULL,NULL,0,0,0,'2021-11-08 02:47:31','2021-11-08 02:47:31'),(93,1,'ガーリックライス','1　ニンニクは皮を除き繊維に逆らった薄切りにし、芯を除く。合わせ調味料Aを混ぜ合わせる。\r\n2　フライパンににんにく、オリーブオイル小さじ4を入れ、弱火〜中火8分の後、中火から強火1分で加熱(ガーリックオイル)。表面がきつね色になりカリッとしてきたら取り出す、ガーリックチップスです。\r\n3　ボウルにご飯・ガーリックオイルの半量を入れ、切り混ぜる。熱した2のフライパンに加え炒める。\r\n4　中央を開け、1の調味料Aを加え、さらに混ぜ合わせる。\r\n5　皿にガーリックライスを盛り付け、ガーリックチップスをちらす。',4,21,0,NULL,NULL,0,0,0,'2021-11-08 02:53:58','2021-11-08 02:53:58'),(94,1,'パイナップルとキャベツのコールスロー','1　キャベツは細切りにし、塩小さじ1/8をしておく、10分くらい。\r\n2　パイナップルは汁気を切り、粗みじん切り。ボウルに入れ酢小さじ2でマリネする。\r\n味付け用Aを加えよく混ぜる。水気をしぼったキャベツを加え、よくあえて混ぜる。10分くらい。\r\n3    器に盛り付ける。',3,21,0,NULL,NULL,1,1,0,'2021-11-08 03:00:23','2021-11-08 03:00:23'),(95,1,'飲むチーズケーキ','1　パイナップルは水気を切り、1枚を4等分に切る。(1人2切れ)\r\n2　ボウルに生クリームを入れ、6分立てにする。ホイップクリームです。\r\n別のボウルにクリームチーズ・フロストシュガーを入れ、クリーム状になるまで混ぜる。\r\n4　牛乳を少しずつ加え、均一になるまで混ぜる。\r\n5　チーズクリームAを加えてさらに混ぜる。\r\n6　グラスにチーズクリーム・ホイップクリーム・フルーツグラノーラ・パイナップル・ブルーベリージャムを盛り付け、ミントの葉を飾る。',6,21,0,NULL,NULL,0,1,0,'2021-11-08 03:10:55','2021-11-08 03:10:55'),(96,1,'2種のパスタ~アマトリチャーナ&冷製たらこレモン~','1　ベーコンは幅1cmに切る。にんにくは皮・芯を除きつぶす。\r\n2　玉ねぎは根元を除き、繊維に沿った薄切り。たらこは薄皮を除く。\r\n3　ディルは洗って水気を切り、飾り用に少しとりわけ、残りの葉はちぎり茎はみじん切り。スモークサーモンは長さを活かして半分におり、端から巻き、バラの花の形にととのえる。\r\n4　スパゲティ全量はタイミングを見計らい茹でる。半量はとりわけ、残りは水で冷やし、水気をしっかり切る。\r\n5　鍋にベーコン・にんにく・オリーブオイル小さじ1を入れ、弱火で加熱する。にんにくがきつね色になり始めたら粗くつぶす。\r\n6　玉ねぎを加えてしんなりとするまで炒める。ソース用Aを加えて混ぜる。\r\n7　牛乳を少しずつ加えながら混ぜ、中火2分位煮詰める。\r\n8　スパゲティを加えてよくからめ、味見をし、塩黒こしょう各少々で味をととのえる。\r\n9　ボウルにたらこ・ディル・ソースBを入れて混ぜる。ラップをかけ冷蔵庫で冷やす。\r\n10　ここにスパゲティを入れてよくからめる。\r\n11　皿にアマトリチャーナを盛り付け、粉チーズをかける。\r\n12　冷製たらこレモンを盛り付け、スモークサーモン・ディルを飾る。',4,22,0,NULL,NULL,0,0,0,'2021-11-08 06:33:11','2021-11-08 06:33:11'),(97,1,'バジルチキンサラダ','1　鶏もも肉は余分な水気・脂肪を除き、厚みを均一にする。下味Aで下味をつけバジルをまぶす。\r\n2　にんにく8gは皮芯を除き、潰しておく。グリーンリーフ・トレビスは食べやすい大きさにちぎり、水にさらし水気を切る。\r\n3　ブラックオリーブは汁気を切り、4等分に輪切り。\r\n4　フライパンににんにく・オリーブオイル小さじ1を入れ、香りを出すように弱火で加熱する。\r\n5　鶏肉の皮面を下にして入れ、余分な脂があれば除きながら、両面を香ばしく焼く。\r\n6　皿に、グリーンリーフ・トレビス・ブラックオリーブ・5を盛り付ける。エキストラバージンオリーブオイル(1人小さじ1)をまわしかけ、岩塩少々をふる。',3,22,0,NULL,NULL,0,0,0,'2021-11-08 06:40:43','2021-11-08 06:40:43'),(98,1,'キウイヨーグルト','1　プレーンヨーグルトはペーパーで包み、ザルとボウルで水切りをする。30 分位。水切りヨーグルトです。\r\n2　キウイは皮をむき、厚さ5mmのいちょう切り。\r\n3　ミントの葉は洗って水気を切り、葉のみ摘む。\r\n4　ボウルにキウイフルーツ・エルダーフラワーコーディアル小さじ2を入れミントの葉をちぎりながら加える。\r\n5　マリネし冷蔵庫で冷やす。\r\n6　器に水切りヨーグルト・5を盛り付ける。',6,22,0,NULL,NULL,0,0,1,'2021-11-08 06:45:54','2021-11-08 06:45:54'),(99,1,'韓国風ザクザクチキン&ヤンニョムチキン','1.ボウルに鶏手羽元用練り粉A・鶏もも肉用練り粉Bをそれぞれ混ぜ合わせる。\r\n2　鶏手羽元は余分な水分を除き、骨に沿って切り込みを2本入れ、塩を小さじ1/4をもみこむ。鶏もも肉は余分な水分・脂肪を取り除き厚みを均一に開き、食べやすい大きさに切る。8切れ。\r\n3　ビニール袋に下味用Cを入れよく混ぜる。鶏手羽元・鶏もも肉を加えてよくもみ込み、なじませる。\r\n4　フライパンにヤンニョムだれDを入れ、軽く煮詰める。筋が残るくらい。\r\n5　鶏手羽元の汁気を軽く除き、Aをつけ、160度の油で7分位揚げる。バットに取り出し5分くらい休ませる。\r\n6　鶏もも肉の汁気を軽く除き、Bをつけ160度の油で4分位揚げる。バットに取り出し5分くらい休ませる。\r\n7　5・6を180度の油で色良く揚げる。20秒くらい。バットに取り出し油を切る。\r\n8　鶏もも肉をヤンニョムだれに加えからめる。\r\n9　皿にヤンニョムチキン・ザクザクチキンを盛り付ける。ヤンニョムチキンに白炒りごま(4人で小さじ1/2)をふる。',5,23,0,NULL,NULL,0,0,0,'2021-11-08 07:41:47','2021-11-08 07:41:47'),(100,1,'チーズキンパ','1　焼き海苔は長さを活かして半分に切る。スライスチーズは巻く。\r\n2   ボウルに味付け用Aを入れよく混ぜる。ごはんを加え切り混ぜる。\r\n3　ラップの上に焼き海苔を縦長に置き、ごはんを左右はギリギリ、奥は1cmくらいあけて広げる。巻終わりにごはんを2〜3粒つける。\r\n4　手前にキムチ・チーズを置き、芯にして巻く。ラップでしっかりと形をととのえ、巻き終わりを下にし、なじませる。\r\n5　ラップを外しぬらしたペーパーで、包丁を1回ずつ拭きながら、4等分に切る。それぞれラップで包み、耐熱皿に載せる。\r\n6　電子レンジで加熱する。600w40秒。皿に盛り付ける。',4,23,0,NULL,NULL,0,0,0,'2021-11-08 07:48:26','2021-11-08 07:48:26'),(101,1,'わかめの炒めドレッシングサラダ','1　わかめは水で戻し水気を切る。フライパンにドレッシングを小さじ1/2熱し、ちりめんじゃこを入れカリッとするまで炒める。\r\n2　ちりめんじゃこを端に寄せ、わかめを加え、水分を飛ばすように炒める。ドレッシング大さじ2を加えて炒め合わせ、粗熱を取る。\r\n3　皿にグリーンリーフを盛り付け、わかめの炒めドレッシングをのせる。\r\n\r\n＊　ドレッシング;  キューピーごま油&ガーリックドレッシング',3,23,0,NULL,NULL,0,0,0,'2021-11-08 07:53:07','2021-11-08 07:53:07'),(102,1,'トゥカロン~韓国風マカロン~','1　ボウルにマカロンミックス40gを入れ、水を加え、軽くなじませる。粉っぽさがほぼ見えなくなったら、角がしっかりと立つ硬さまで泡立てる。マカロンAをふるい入れて切り混ぜる。\r\n2　ボウルの側面にこすりつけるようにしながら滑らかにする。(マカロナージュ)半分に分けそれぞれに色素(赤・青)を加え一混ぜする。\r\n3　それぞれしぼり袋に入れ、先端を1cmくらい切り、クッキングシートを敷いた天板にしぼる。直径6cm各4つ。\r\n4　天板の裏側を軽くたたいて空気抜きをし、オーブンの下段に入れ焼く。焼き上がったらオーブンから取り出し、天板にのせたまま冷やす。\r\n5　ボウルにメレンゲ用Bを入れて泡立て、メレンゲを作る。別のボウルにバターを入れ、白っぽくふんわりとするまで、よく混ぜる。\r\n6　Bメレンゲにバターの入ったボールを2〜3回に分けて加えその都度よく混ぜる。マカロン(赤)にバタークリームをのせ、周囲にラズベリーをちぎりながらつける。上にマカロン(青)をのせる。皿に盛り付ける。',6,23,0,NULL,NULL,0,0,0,'2021-11-08 08:08:44','2021-11-08 08:08:44'),(103,1,'台湾まぜそば','1　赤唐辛子は粗く刻んで合わせ調味料Aを作る。\r\n2　トマトはへたを除いて洗い1cmの角切り。青ねぎは根元を除き小口切り。\r\n3　ニラは根元を除き幅7mmに切る。削りがつおは粉状に手ですりつぶす。卵は卵黄・卵白に分ける。(卵白は白い卵プリンに使用)。\r\n4　フライパンに豆板醤小さじ1・ごま油小さじ1を入れ熱し、香りが出たら大豆ミートを加え炒める。\r\n5　全体に油がなじんだら合わせ調味料Aを加えて全体に絡め水80ccを加え混ぜる。\r\n　 水分が飛びゆるいとろみがつくまで煮詰める。= 肉味噌\r\n6　中華麺はたっぷりの熱湯で茹で、ざるにあげ流水で洗い水気を切る。\r\n7　食べる直前に中華麺を熱湯で温め水気を切る。麺味付け調味料Bをボウルで混ぜ中華麺を入れて和える。\r\n8　器に中華麺を盛り付ける。中央に肉味噌・肉味噌の窪みに卵黄乗せ、周りにトマト・ニラ・青ねぎ・削りがつお・きざみにんにく・きざみ海苔をのせる。(4人分できざみにんにく小さじ2・きざみ海苔2g)。',4,24,0,NULL,NULL,0,1,0,'2021-11-08 08:32:08','2021-11-08 08:32:08'),(104,1,'ぷりぷり海老餃子','1　むき海老は背わたがあれば除いて洗い、水気を除く。半量はあらく刻み、残りはきざんでからたたき、包丁の腹ですりつぶす。\r\n2　青ねぎは根元を除き、小口切り。ビニール袋にむき海老、豚ひき肉、調味料Aを入れる。\r\n3　良く混ぜる。青ねぎを加えさらに混ぜる。　\r\n4　餃子の皮の中央にあんを1/16量ずつおき、周囲に水をつける。半分に折りたたみ、真ん中を止める。\r\n5　両端を中央に集めるように折りたたんで止め、形を整える。\r\n6　フライパンにサラダ油小さじ1を熱し、餃子を並べて焼く。　\r\n7　焼き色がついたら水を加えて蓋をし、蒸し焼きにする。中火4分くらい。\r\n8　ふたを取り、水分を飛ばすように焼く。水分が飛んだらごま油小さじ1を回しかけ餃子の皮がカリッとするまで強火で焼く。\r\n9　皿に海老餃子を盛り付け、別皿に酢小さじ1・黒こしょう少々(1人分)を入れ添える。',5,24,0,NULL,NULL,0,1,0,'2021-11-08 08:44:19','2021-11-08 08:44:19'),(105,1,'白いたまごプリン','1　ボウルに卵白4個分とたまごプリン素Aを入れ、泡立てないようにしっかりと卵白を牛乳に散らしながら混ぜる。\r\n2　上記をぬらした茶こしでこして器に注ぐ。　　　　\r\n3　鍋に湯をはり沸騰させる。火を止めザルを入れて上記の器を並べる。\r\n4　蓋をし強火で4分加熱する。(軽く揺すり揺れ方が変わってくるまで)、弱火または保温で10分〜加熱する。\r\n5　プリンに竹串を刺し、液体が出てこなければ火を止めあら熱を取り冷蔵庫で冷やす。\r\n6　たまごプリンあんをかける。抹茶小さじ1/2をふるい黒みつ小さじ4をかける。(4人分)。',6,24,0,NULL,NULL,0,0,0,'2021-11-08 08:53:49','2021-11-08 08:53:49'),(106,1,'5種野菜と鶏肉のごま香味炒め','1　鶏もも肉は余計な水分・脂を取り除き、厚みは均一にし1人3切れに切る。ボウルで塩小さじ1/8を揉み込む。\r\n2　調味料A→Bの順番で加えてもみ込む。\r\n3    れんこんは皮をむき、厚さ7〜8mmの輪切り、または半月切り。一人2〜3切れ。\r\n4　カボチャは種ワタを取り除き、厚さ7〜8mmの薄切り。ズッキーニは厚さ7〜8mmの輪切りまたは半月切り。一人2〜3切れ。\r\n5　赤パプリカはへた種を取り除き、乱切り。一人2〜3切れ。ナスはへたを除き乱切り。一人3〜4切れ。\r\n6　フライパンにサラダ油・ごま油各小さじ2を熱し、野菜を入れて焼き、焼けたものから塩をふり(小さじ1/4)取り出す。\r\n7　鶏肉を皮面を下にして入れ、焼き色が付いたら返し火が通るまで焼く。中火10〜\r\n8　6を戻し入れ、ドレッシング小さじ8を加え炒め合わせる。\r\n9　皿に盛り付ける。\r\n\r\nドレッシング;  キューピー深煎りごまドレッシング',5,25,0,NULL,NULL,0,1,0,'2021-11-08 09:05:54','2021-11-08 09:05:54'),(107,1,'オクラとみょうがの冷たいみそ汁','1　オクラはヘタの部分を切り落とし、ガクの周りの硬い部分をむき、塩少々でこすり、塩付のまま熱湯で茹でる。粗熱を取り厚さ1mmの小口切り。\r\n2　みょうがは根元を除き、縦半分に切り、斜め薄切り。水にさらし水気を切る。ボウルにみそ液体小さじ8・水480ccをいれ混ぜ、冷蔵庫で冷やす。\r\n3　お椀にオクラ・みょうがを分けいれ、2の冷たい味噌汁を注ぐ。',2,25,0,NULL,NULL,1,1,1,'2021-11-08 09:09:09','2021-11-08 09:09:09'),(108,1,'桜海老とチーズの卵焼き','1　プロセスチーズは5mm角に切る。卵2個はボールに割り入れ、菜箸をボールの底につけ大きく左右に動かしコシは残してほぐす。泡立てない。\r\n2　プロセスチーズとAをボールにいれ混ぜ合わせる。卵焼き器をよく熱し、ペーパーにつけたサラダ油小さじ1/2を全体に広げて馴染ませる。\r\n3　卵液の1/2量を流し入れる。全体に広げ半熟状になったら奥から手前に折り畳むように巻く。\r\n4　卵焼き器の表面全体を油のついたペーパーで拭き、巻卵を奥に移動させ、手前も拭く。残りの卵液の全て可搬料を流し入れ全体に広げる。\r\n　 最初に巻いた卵焼きの下にも卵液を流し入れる。\r\n5　半熟になったら奥から手前に巻き込む。卵液が残っているならもう一度繰り返す。焼き上がったら熱いうちにラップで包み1,2分おき形を整える。\r\n6 　卵焼きの形が落ち着いたら、4等分に切る。皿に盛り付ける。\r\n\r\n＊　材料表示は2人分。ドレッシングはキューピー深煎りごまドレッシング。',7,25,0,NULL,NULL,1,1,0,'2021-11-08 09:22:35','2021-11-08 09:22:35'),(109,1,'小松菜のごま和え','1　小松菜は根元の土を洗い流し、熱湯(塩少々加える)で湯で水にとり色止めする。根元揃えて水気をしぼ流。\r\n2　根元を長さ4cmに切り絞る。ボウルに味付けAをいれて混ぜる。\r\n3　小松菜を加えてよく和える。器に盛り付ける。\r\n\r\n＊　ドレッシング;  キューピー深煎りごまドレッシング',8,25,0,NULL,NULL,0,1,1,'2021-11-08 10:21:04','2021-11-08 10:21:04'),(110,1,'フルーツ和ポンチ','1　羊羹は1本を8等分にする。\r\n2　ミックスフルーツ缶は汁気を切る。\r\n3　1・２を器に盛り付けメープルシロップ1人小さじ1をかける。',6,25,0,NULL,NULL,0,0,0,'2021-11-08 10:23:53','2021-11-08 10:23:53'),(111,1,'豚しゃぶのスープカレー/ターメリックライス','1　玉ねぎは根元を除き、みじん切り。にんじんは皮をむき、半分は輪切り、4枚はトッピング用。残りはペースト用で薄切り。\r\n2　カボチャは種子ワタをとり、薄切り(1人2枚)、オクラはヘタの部分を切り落とし、ガクの周りの硬い部分をとり、1箇所切り込みを入れる。\r\n3　ナスはへたを除き、縦4等分。ごぼうはピラーを使いリボン状に切る。\r\n4　鍋に鍋に鶏スープ材料をいれ沸騰させる。火を弱め豚肉を重ならないようにいれ加熱。火の通ったものからボウルに取り出す。スープは取っておく。(鶏スープ)。\r\n5　鍋にサラダ油小さじ2を熱し玉ねぎ・塩・人参を入れる。玉ねぎは飴色になるまで、人参は柔らかくなるまで加熱。この人参は取り出し水100mlを加えブレンダーでペースト状にする(人参のペースト)。\r\n6　5の鍋に調味料Aを加え、弱火で香りが出るまで炒める。調味料Bを加え香りが出るまで中火1分くらい炒める。\r\n7　人参のペースト調味料Cを加え弱中火で10分〜加熱する。\r\n8　フライパンにサラダ油小さじ2を熱しカボチャ・人参・オクラ・ナスを色良く焼き、焼けたものから取り出す。\r\n9　ごぼうは耐熱皿に乗せ、サラダ油小さじ1を加えて混ぜ電子レンジで加熱。600w6分。蒸気を除きチップスにする。',5,26,0,NULL,NULL,0,0,0,'2021-11-08 10:43:43','2021-11-08 10:43:43'),(112,1,'ターメリックライス','1　鍋に米・水・ターメリック・塩小さじ1/8を入れひと混ぜし表面を鳴らす。\r\n2　フタをしてたく。沸騰まで強火、沸騰後弱火10分〜。さらにターメリックライスを山高に盛り付ける。\r\n3　器にスープカレーを分け入れ、野菜・豚しゃぶを盛り付ける。',4,26,0,NULL,NULL,0,0,0,'2021-11-08 10:47:46','2021-11-08 10:47:46'),(113,1,'グリルチキンウイング','1　鶏手羽中は余分な水気を除き、ボウルに入れウイング調味料Aをいれよく混ぜる。10分〜置いておく。\r\n2　ウイング調味料Bをよく混ぜ1の鶏手羽中に衣としてつける。アルミホイルをひいた天板に並べ上からアルミホイルをかける。\r\n3　オーブンで加熱。電気200℃30分〜。ガス190℃30分〜。盛り付ける。',5,26,2,NULL,NULL,0,0,0,'2021-11-08 10:54:09','2021-11-08 10:54:09'),(114,1,'アボカドとトマトのサラダ','1　アボガドは縦半分に切り、種を除く。トマトはヘタを除いて洗い、くし形切り。さらに斜め半分に切る。　\r\n2　グリーンリーフは食べやすい大きさにちぎり、水にさらし水気を切る。ボウルにドレッシングを入れて塩を溶かしマヨネーズを加え均一に混ぜる。(調味料A)　\r\n3　アボガドの果肉をくり抜いて加え、トマトと一緒にざっくりと和える。皿にグリーンリーフ・トマト・アボガドをもりつける。',3,26,0,NULL,NULL,0,0,0,'2021-11-08 10:59:51','2021-11-08 10:59:51'),(115,1,'ココナッツミルクラッシー','1　なべに半量の牛乳を温める。\r\n2　ココナッツミルクパウダーを加えて溶かす。\r\n3　はちみつを加えて均一に混ぜる。\r\n4　ボールにプレーンヨーグルトをいれ、3の残りの牛乳を少しずつ加えて混ぜる。\r\n5　冷蔵庫で冷やす。\r\n6　グラスに注ぎ入れる。',6,26,0,NULL,NULL,0,0,0,'2021-11-08 11:02:13','2021-11-08 11:02:13'),(116,1,'スコッチエッグ・アスパラフライ','1　パン粉大さじ8は牛乳大さじ4を加えしとらせる(練り粉)。薄力粉大さじ8を水大さじ6~と合わせる。\r\n2　グリーンアスパラガスは根元を1cmくらい切り、した1/3位の硬い皮をピーラーでむき、はかまの部分を除き、長さを半分に切る。　　\r\n3　水菜は根元を除き、アガサ4cmに切る。レモンは塩でこすり洗いし、4等分のくし形切り。\r\n4　鍋に熱湯を沸かし、酢小さじ1塩小さじ1/8をいれ冷蔵庫から出したての卵を静かに加える。最初の2〜3分は混ぜながら茹でる。再沸騰後7分。水に取り皮を剥く。\r\n5　ボウルに合い挽き肉・塩麹を入れ粘りが出るまでよく混ぜる。1の練り粉を加えよく混ぜる。4等分する。\r\n6　手に水を馴染ませ5を空気抜きし、直径12〜14cmくらいの楕円形に広げ、ゆで卵を乗せ空気を抜きながら成形する。\r\n7　グリーンアスパラガス・6の順に練り粉・パン粉とつける。\r\n8　170〜180度の油でアスパラガスを(1分~)揚げる。バットに取り出し油を切る。160〜170度の油にスコッチエッグをいれ温度を徐々に上げながら(5分~)揚げる。\r\n9　皿に水菜プチトマトを盛り付けドレッシング(1人小さじ1)をかける。スコッチエッグを盛り付けソース・レモンを添える。ソース; トマトケチャップ・ウスターソース各大さじ2を合わせておく。',5,27,0,NULL,NULL,0,0,0,'2021-11-08 14:01:15','2021-11-08 14:01:15'),(117,1,'炒り黒豆のごはん','1　黒豆は洗って水気を切り、鍋で乾煎りする。中火8分。\r\n2　鍋に塩麹・水220ccを入れ混ぜる。水気を切った米を入れる。\r\n3　表面を平らにならし、黒豆をのせフタをして火にかける。\r\n4　沸騰したら火を弱めて10分くらい炊く。炊き上がったら10分くらい蒸す。\r\n5　器にこんもり盛り付ける。',4,27,0,NULL,NULL,1,0,0,'2021-11-08 14:26:51','2021-11-08 14:26:51'),(118,1,'揚げなすのみそ汁','1　ナスはヘタを除き、乱切り。一人4切れ。170度くらいの油で揚げる。\r\n2　火が通ったものからパットに取り出し、油を切る。\r\n3　鍋にみそ汁の味付けAを入れて加熱し沸騰したらナスを加え軽く温める。\r\n4　火を弱め、味噌を溶き入れる。きざみしょうがを加える。器に盛り付ける。',2,27,0,NULL,NULL,0,0,1,'2021-11-08 14:31:07','2021-11-08 14:31:07'),(119,1,'抹茶くるみわらび餅','1　胡桃は余熱なしのオーブンでローストし、食べやすい大きさに砕く。電気170度8分。ガス160度8分。\r\n2　抹茶大豆粉Aを作る。ここからトッピング用Bに小さじ1を取り、砂糖小さじ2を加える。\r\n3　耐熱容器にわらび餅Cを入れざっと混ぜ、水を少量加えて均一に溶きのばし、残りの水を加えて混ぜる。\r\n　 ラップをふんわりかけてレンジで加熱する。600w1分。\r\n4　一部が半透明になったら混ぜ、胡桃を加えて混ぜる。ラップをふんわりとかけ電子レンジで加熱。600wで1分。全体に透明感があり、均一になったら混ぜる。\r\n5　パットに抹茶大豆粉を半量ふるい、4を取り出す。上から残りの抹茶大豆粉を振るう。\r\n6　人肌程度に冷めたら、1人3〜4切に切り分ける。器に盛り付け、トッピング用の抹茶大豆粉を振りかける。',6,27,0,NULL,NULL,0,0,0,'2021-11-08 14:43:08','2021-11-08 14:43:08'),(120,1,'ガパオライス','1　筍は薄切りにして長さを半分に切り、幅1cmにする。赤黄パプリカはヘタ種を取り除き、幅5mmの薄切りにし長さを半分に切る。\r\n2　バジルの葉8g(茎も含む)は葉と茎に分け、葉はそのまま、茎は小口切り。ライム(1/2個)は塩でこすり洗いし、スマイルカットにする。一人一切れ。\r\n3　フライパンに赤唐辛子サラダ油各小さじ1を入れ、香りが出るまで炒める。中火。\r\n4　豚挽肉を加え、表面を焼き固めてからほぐし、刻みニンニク小さじ1を加えてそぼろ状になるまで炒める。強火。\r\n5　余分な脂を除き、筍を加え炒める。パプリカを加えてさっと炒める。\r\n6　調味料Aを加え、汁気が少なくなるまで炒める。\r\n7　バジルの葉を2〜3cmにちぎりながら茎とともに加え炒める。\r\n8　卵はカップに1個ずつ割り入れる。フライパンにサラダ油大さじ1を熱し、卵を入れ加熱する。好みの焼き具合まで。白身がつながっていれば切り離す。\r\n9　器に盛り付け、目玉焼きを乗せライムを加える。',4,28,0,NULL,NULL,0,1,0,'2021-11-09 12:29:58','2021-11-09 12:29:58'),(121,1,'チャゾー~ベトナム風揚げ春巻き~','1　タケノコはみじん切り。\r\n2　緑豆春雨20gは熱等に浸してもどし(3分くらい)ざるにあげ水気を切り、幅1cm位のざく切り。\r\n3　むき海老は背ワタがあれば除き、粗みじん切りにし、粘りが出るまで叩く。\r\n4　ボウルにむき海老・豚ひき肉40gを入れ、よく混ぜる。筍・緑豆春雨・調味料Aを加え混ぜる。\r\n5　ライスペーパー4枚はキッチンバサミで半分に切る。ライスペーパーの孤の中央を重ねて、水にさっとくぐらせる。\r\n6　濡らして硬く絞ったペーパー（紙）に乗せ、ペーパーで水気を抑える。手前に1/4量のたねを乗せる。\r\n7　手前を一巻きし、両端を内側に折る。長さ10cm。空気が入らないようにくるくると巻く。\r\n8　170度くらいの油で揚げ色がつくまでカラリと揚げる。3分〜。\r\n9　バットに取り出し油を切る。器に盛りつけスイートチリソース(1人小さじ1/2)をかける。',9,28,0,NULL,NULL,0,0,0,'2021-11-09 12:39:26','2021-11-09 12:39:26'),(122,1,'牛肉とミントのサラダ','1　グリーンリーフは一口大にちぎり、水にさらし水気を切る。紫玉ねぎは根元を除き、繊維に沿った薄切りにし、水にさらし水気を切る。\r\n2　牛肩ロース薄切り肉120gは幅5〜6cmに切る。鍋に熱湯を沸かして弱火にして入れる。色が変わるまでさっと茹でざるにあげ水気を切る。\r\n3　ボールにライム1/2個の果汁を搾り、調味料Aを入れよく混ぜる。サラダ油小さじ1を加えさらによく混ぜる。\r\n4　グリーンリーフ・紫玉ねぎ・牛肉を加え、和える。皿に盛り付けミントの葉をちらす。',3,28,0,NULL,NULL,0,0,0,'2021-11-09 12:47:50','2021-11-09 12:47:50'),(123,1,'マンゴーミルク','1　器にマンゴーを盛り付け、コンデンスミルクをかける。\r\n2 　ミントの葉を飾る。',6,28,0,NULL,NULL,1,0,0,'2021-11-09 12:50:17','2021-11-09 12:50:17'),(124,1,'焼き小籠包','1　ボウルに生地A(水は様子を見ながら少しずつ)を入れ大きく混ぜる。そぼろ状になってきたらボウルの中でまとまるまで軽くこねる。\r\n2　台に出してこねる。2分〜。なめらかになったらきじを丸めてラップで包み、室温で生地を休ませる。20分〜。\r\n3　ボウルに豚挽肉、調味料B(水は後で少しずつ)を入れ粘りが出るまで混ぜる。\r\n4　水40ccを少しずつ加えて均一になるまで混ぜる。ラップをかけ冷蔵庫で冷やす。\r\n5　生地を直径2cmくらいの棒状にして、12等分にし、切り口を上にして打ち粉(強力粉小さじ2〜)をまぶしながら手のひらで押さえ丸く広げる。\r\n6　綿棒を使って直径10cm位の円形に伸ばす。中央を少し厚く、周りを薄くする。打ち粉をしてラップをかける。\r\n7　皮を台の上にのせ、皮の中央にたねをのせ、生地の一箇所をたねにかぶせて上をつまむ。親指を外さずに、人差し指で外の生地をたぐり寄せ\r\n　 親指の生地につけてつまむ。\r\n8　これを繰り返して1周する。中央に穴が開かないように閉じる。フライパンにサラダ油を熱し、小籠包を並べて皮に香ばしい焼き色をつける。\r\n9　水を加えてフタをし、水分がなくなるまで蒸し焼きにする。3分〜。皿に盛り付け別皿に合わせた酢小さじ1・きざみしょうが小さじ1/2(1人分)を添える。',5,29,0,NULL,NULL,0,0,0,'2021-11-09 13:02:47','2021-11-09 13:02:47'),(125,1,'ラーズーチー~鶏のから揚げ甘辛四川炒め~','1　チョウテンガンシンジャオは、ぬらして硬くしぼったペーパーで汚れを拭き、縦半分に切りヘタたねを取り除く。\r\n2　鶏もも肉は余分な脂肪・水気を除き、厚みを均一にし、一口大に切る。一人4切れ。ボウルに入れ塩小さじ1/4・黒こしょう少々を加えてもみこみ調味料Aを加えてさらにもみ込む。\r\n3　鶏肉は揚げる直前に片栗粉大さじ6をまぶし160度〜170度の油に入れじっくりと揚げる。5分位。油の温度を180度に上げ、更に揚げる。1分位。バットに取り出し油を切る。\r\n4　フライパンに1・調味料Bを入れてじっくりと加熱、弱火で香りを出す。3を加えてよく混ぜ、砂糖小さじ1/2を表面にかけて混ぜる。\r\n5　火を止めて酒小さじ2を鍋肌から加え再度火をつけて手早く混ぜる。\r\n6　わけぎを加えて混ぜる。さらに盛り付け。',5,29,0,NULL,NULL,0,1,0,'2021-11-09 13:58:53','2021-11-09 13:58:53'),(126,1,'トマトと卵のスープ','1　トマトはへたを除いて洗いくし形切り。さらに斜め半分に切る。一人4切れ。鍋に調味料Aを入れてよく混ぜ火にかける。\r\n2　混ぜながらとろみがつくまで加熱し、卵を流し入れ一混ぜする。トマトを加えて温める。\r\n3　火を止め、酢小さじ2を加えて一混ぜする。器に分け入れる。',2,29,0,NULL,NULL,1,1,0,'2021-11-09 14:05:30','2021-11-09 14:05:30'),(127,1,'ライチプリン','1　粉ゼラチン小さじ2は使う直前に湯40ccに振り入れ、溶かす(ゼラチン液)。シロップも作る。40cc湯に砂糖小さじ2を混ぜる。\r\n2　ライチ飾り用4個は汁気を切り、縦半分に切る。\r\n3　ミキサー(ミル)にライチ8個・砂糖小さじ2・牛乳80ccを入れ、なめらかになるまで回す。\r\n4　ボウルに移し、ゼラチン液を加えて混ぜ、生クリーム40gを加えて更に混ぜる。\r\n5　器に分入れ、冷蔵庫で冷やし固める。\r\n6　ライチプリンにシロップをかけ、ライチ飾り用を飾る。',6,29,0,NULL,NULL,0,0,0,'2021-11-09 14:11:13','2021-11-09 14:11:13'),(128,1,'すき焼き丼','1　牛肩ロース薄切り肉400gは大きければ半分に切る。白ねぎ80gは長さは4cmくらいに切る。1人2本。\r\n2　しめじ80gは石づきを除き、小房に分ける。水菜120gは根元を除き、ながさ4〜5cmに切る。\r\n3　鍋に酒みりん各大さじ2を入れ、火にかける。沸騰まで中火、弱火にして1分加熱。\r\n4　割り下Aを作る。\r\n5　鍋にサラダ油小さじ1を熱し、白ネギを入れて焼く。\r\n6　両面焼き色がしっかりついたら、端に寄せ、牛肉を加えて焼く。\r\n7　焼き色がついたら割り下・しめじを加えて煮る。\r\n8　牛肉を端に寄せ、水菜を加えてさっと煮る。器にご飯を盛り、すき焼きを彩りよく盛り付ける。\r\n9　真ん中をくぼませ、温泉卵をのせ、お好みで七味唐辛子少々をふる。',5,30,0,NULL,NULL,0,0,0,'2021-11-09 14:22:14','2021-11-09 14:22:14'),(129,1,'枝豆とたたききゅうりのサラダ','1　芽ひじき4gはさっと洗って汚れを流し、新しい水をたっぷり注いで戻す。ザルで水気を切る。\r\n2　水菜は根元を除き、長さ5cmに切る。枝豆(冷凍)は熱湯でさっと茹でる。\r\n3　枝豆さやから取り出す。きゅうりはすりごきで叩き、ヘタを除き、食べやすい大きさに割る。\r\n4　耐熱容器にひじき・ドレッシング大さじ2を入れ、ラップをせずに電子レンジで加熱する。600w1分\r\n5　そのまましばらく置き、粗熱を取る。ボウルに水菜・枝豆・きゅうり・ひじきドレッシングを入れ和える。\r\n&　器にこんもりと盛り付ける。\r\n\r\n＊. ドレッシング  ;　キューピーテイスティドレッシング黒酢玉ねぎ',3,30,0,NULL,NULL,0,0,0,'2021-11-09 14:38:06','2021-11-09 14:38:06'),(130,1,'焼き枝豆のみそ汁','1　枝豆は使用直前まで冷凍しておく。鍋に枝豆を入れ、加熱する。強火。\r\n2　香ばしい焼き色が付いたら、水600~640ccを加えて煮る中火5分。\r\n3　火を弱め、みそ顆粒小さじ4を加え、一混ぜする。器に注ぎ入れる。',2,30,0,NULL,NULL,0,0,1,'2021-11-09 14:41:18','2021-11-09 14:41:18'),(131,1,'甘酒クリームコーヒーゼリー','1　粉ゼラチン小さじ2は湯(50~60度)40ccに振り入れ、溶かす。\r\n2　ボウルにインスタントコーヒー・フロストシュガー各小さじ4を入れよく溶かす。\r\n3　溶かしたゼラチンを加えよく混ぜる。\r\n4　器に分入れ、冷蔵庫で冷やし固める。\r\n5　ボウルに生クリーム60gを入れ、8分立てにする。甘酒小さじ4を少しずつ加え混ぜる。甘酒クリーム。\r\n6　4に甘酒クリームをかける。お好みでフロストシュガー(1人小さじ1/2)をかける。',6,30,0,NULL,NULL,0,0,0,'2021-11-09 14:49:51','2021-11-09 14:49:51'),(132,1,'プーパッポンカリー~ソフトシェルクラブと卵のカレー炒め~','1　ソフトシェルクラブ4匹(160g位)は立て塩・真水の順に洗い、水気を除き、腹の部分を半分に切る。\r\n2　玉ねぎは根元を除き、繊維に沿って幅2〜3mmに切る。セロリは筋を除き、幅1cmの斜め切り。\r\n3　赤パプリカはヘタ・種を除き、幅2〜3mmの薄切りにし、長さを半分に切る。卵はよくときほぐし、カレールーAを加えてよく混ぜる。(卵液)\r\n4　フライパンにサラダ油大さじ１を熱し、ソフトシェルクラブを入れ両面を香ばしく焼く。\r\n5　ソフトシェルクラブを端に寄せ、玉ねぎ・刻みにんにく小さじ2を入れ、しんなりとするまで炒める。\r\n6　セロリ・赤パプリカ・カレー粉小さじ1を入れ、さっと炒める。ルーBを加えて混ぜ、ひと煮立ちさせる。\r\n7　具材を端に寄せ、空いているところに卵液を入れ、大きく混ぜて火を通す。\r\n8　全体を大きく混ぜ合わせ、セロリの葉を加え、さっと混ぜて火を止める。\r\n9　器にご飯を盛り、彩りよく8を盛り付ける。\r\n\r\nセロリの葉 ;　適量8gほど必要。',4,31,0,NULL,NULL,0,0,0,'2021-11-09 15:42:33','2021-11-09 15:42:33'),(133,1,'鶏肉のピーナッツグリル','1　鶏もも肉は余分な水気・脂肪を除き、厚みを均一に開き、ナンプラーを10分もみ込む。\r\n2　ボウルにピーナッツダレの素を入れよく混ぜる。\r\n3　天板にクッキングシートをひいて4隅をねじる。\r\n4　鶏肉を皮面を上にして並べ、ピーナッツダレを盛る。\r\n5　オーブンで焼く、電気220度15分・ガス210度15分。\r\n6　器に盛り付ける。',5,31,0,NULL,NULL,0,0,0,'2021-11-09 15:49:17','2021-11-09 15:49:17'),(134,1,'エスニックサラダ','1　玉ねぎは根元を除いて薄切りにし、10分〜水にさらす。水気を切る。グリーンリーフは食べやすい大きさにちぎり、水にさらし水気を切る。\r\n2　ボウルにドレッシング用Aを混ぜ玉ねぎ・ツナ(ノンオイルタイプ1缶70g)も加え和える。\r\n3　グリーンリーフを加え、ざっくりと和える。皿に盛り付ける。',3,31,0,NULL,NULL,0,0,0,'2021-11-09 15:54:30','2021-11-09 15:54:30'),(135,1,'グレープフルーツゼリー','1　鍋に半量のグレープフルーツジュース(160ccの半量)・砂糖小さじ4を入れる。\r\n2　火にかけて温める。\r\n3　粉ゼラチン大さじ1を入れ混ぜ溶かす。\r\n5　残りのグレープフルーツジュースを加え混ぜる。\r\n6　器に分入れ、冷蔵庫で冷やし固める。\r\n7　5にグレープフルーツジュース小さじ2(1人分)をかけミントを飾る。',6,31,0,NULL,NULL,1,0,1,'2021-11-09 16:00:51','2021-11-09 16:00:51'),(136,1,'手打ちうどん~明太チーズかま玉&トマトだしつゆ~','1　辛子明太子は薄皮を除く。トマトはヘタを除いて洗い、横半分に切る。たねを除き(つゆに使用)、1cmの角切り。\r\n2　ライム1個は塩少々でこすり洗いし、横半分に切り、半量は果汁を絞り(つゆ用）、残りはスマイルカットにする(飾り用)。\r\n3　ボウルにうどん生地Aを入れて軽く混ぜ(2つのボールにそれぞれ強力粉薄力粉合わせて160gずついれて2玉のうどん固まりを作る)、水65~70ccを回し入れ(様子を見ながら)、大きく混ぜそぼろ状にする。\r\n4　まとまったら台の上に出し3分位こねる。生地を丸めラップで包み室温で休ませる。30分程。\r\n5　ひとつの生地を2等分にし、棒状にして打ち粉(片栗粉小さじ4~)をまぶしながら伸ばす。目安;30×10cm前後の長方形。\r\n6　伸ばした生地に打ち粉をまぶして数回折り、端から幅5〜6mmに切る。バットにのせラップをかける。\r\n7　ボウルにちぎったスライスチーズ2枚・調製豆乳40cc・だしじょうゆ小さじ2を入れる。\r\n8　ボウルにトマトの種・つゆBを入れて混ぜ、冷蔵庫で冷やす。(トマトだしつゆ)。別のボウルにトマト・砂糖小さじ1を入れ和える。\r\n9　打ち粉をはらいながら、熱湯2Lにうどんをほぐし入れ、再沸騰してから10〜12分茹でる。ざるに上げ、半量は水気をよく切る。(明太チーズかま玉用)。\r\n10　残りは流水で冷やしながら、ぬめりを洗い流し水気をよく切る。(トマトだしつゆ用)。\r\n11　7に9を加えてよく混ぜ、器に分け入れる。温泉卵1人1個・辛子明太子(4人で40g)・きざみ海苔(4人で2g)をのせる。\r\n12　別の器に10を分入れ、トマトだしつゆの1/4を注ぐ。トマトマリネを盛り付け、ライムを飾り、エキストラバージンオリーブオイル(1人小さじ1/2)をかける。\r\n＊　うどん生地は2人分ずつで作業。',4,32,0,NULL,NULL,0,0,0,'2021-11-09 20:59:42','2021-11-09 20:59:42'),(137,1,'豚竜田揚げのサラダ仕立て','1　豚ロース薄切り肉は長さを半分に切り、サラダ下味Aで下味をつける。\r\n2　ゴーヤーは流水の下でたわしでこすり洗いし、水気を切る。筒状のままスプーンで種・ワタを除き、暑さ2〜3mmの輪切り。水菜は根元を除き長さ4cmに切る。\r\n3　グリーンリーフは食べやすい大きさにちぎり、水にさらし水気を切る。黄ズッキーニは暑さ2〜3mmの輪切り。\r\n4　160度くらいの油にゴーヤを入れ徐々に温度を上げながら、色良く揚げる。6分くらい。パットに取り出し油を切る。\r\n5　片栗粉大さじ4〜をまぶした豚肉を広げながら170度位の油に入れ、温度を上げながらカリッとするまで揚げる。5分〜。パットに取り出し油を切る。\r\n6　皿に水菜・グリーンリーフ・黄ズッキーニ・ゴーヤ・豚肉を盛り付け、ドレッシング(1人小さじ1)をかける。\r\n＊市販ドレッシング　キューピーテイスティドレッシング黒酢玉ねぎ',3,32,0,NULL,NULL,0,0,0,'2021-11-09 21:23:09','2021-11-09 21:23:09'),(138,1,'みたらし団子','1　ボウルに白玉粉60g・砂糖小さじ2を入れざっと混ぜ、調製豆乳40ccを少しずつ加え、耳たぶくらいの硬さにする。(水分が足りない場合は水小さじ1~を加えて調整。)\r\n2　8等分にし、丸める。\r\n3　たっぷりの熱湯に入れ、浮いてきてから4分位茹で水に取る。\r\n4　鍋にタレの材料Aを入れよく混ぜ、混ぜながら加熱し、とろみをつける。沸騰後30秒くらい。\r\n5　粗熱を取り、器に分け入れる。',6,32,0,NULL,NULL,0,0,0,'2021-11-09 21:29:12','2021-11-09 21:29:12'),(139,1,'鯵フライ','1　天ぷら粉大さじ4と水50cc~を合わせて練り粉を作る。鯵を立て塩の中にさっとくぐらせ包丁をぬらす。\r\n2　両側のセイゴを取り除く。尾から頭に向かってうろこをこそげおとす。\r\n3　胸ビレを立てて、やや斜めに頭を落とす。内臓をかき出し、腹の中を拭く。\r\n4　立て塩の中で洗う。水気をしっかりと拭く、ここまでが魚の水洗い。\r\n5　背側から中骨に向かって包丁をあて丁寧に開く。\r\n6　背側から中骨に向かって包丁を入れ中骨を取る。\r\n7　包丁またはキッチンバサミで尻ビレと硬い部分を切り取る。\r\n8　包丁を寝かし、先端の部分で　腹骨をそぎ取る。塩小さじ1/8をふり10分おく。\r\n9　水分をペーパーで押さえ、身の面全体にマスタード小さじ4を塗る。\r\n10　鯵に塗り粉をつける。パン粉を押さえるようにし、しっかりとつける。\r\n11　170〜180度の油で揚げる、3 分くらい。パットに取り出し油を切る。\r\n12　皿に水菜・トマトを盛り付け、ドレッシング(1人小さじ1)をかける。アジフライを盛り付け、ウスターソース・タルタルソース各小さじ1/2(1人分)を添える。',1,33,0,NULL,NULL,0,0,0,'2021-11-09 21:40:19','2021-11-09 21:40:19'),(140,1,'手羽中と大根のスピード煮物','1　鶏手羽中は余分な水分を除く。\r\n2　大根は皮をむき、厚さ2cmの半月切り。\r\n3　圧力鍋に鶏手羽中・大根・だしAを入れフタをし強めの中火にかける。\r\n4　安全ロックピンが上がり蒸気が出てきたら弱火にして、加圧する、5分。\r\n5　安全ロックピンが下がったら、フタを開け、黒豆を加えひと混ぜする。\r\n6　器に盛り付ける。',5,33,1,NULL,NULL,0,1,0,'2021-11-09 21:47:14','2021-11-09 21:47:14'),(141,1,'大根のみそ汁','1　大根は皮をむき、長さ7〜8mmのいちょう切り。水菜は根元を除き長さ4cmに切る。\r\n2　鍋に大根・水520~560cc・和風だしの素小さじ1/2を入れ加熱。大根が柔らかくなったら水菜を入れてさっと火を通す。\r\n3　火を止め味噌小さじ4前後を加え、一混ぜする。椀に分け入れる。',2,33,0,NULL,NULL,1,0,1,'2021-11-09 21:51:06','2021-11-09 21:51:06'),(142,1,'季節の水菓子','1　ぶどうは皮付きのまま洗い、水気を切る。皿に盛り付ける。\r\n2　りんごは塩少々でこすり洗いし、放射状に4等分に切り、芯を除いて皮をむき、半分に切る。\r\n3　水にさっと通し水気を切る。皿に盛り付ける。',6,33,0,NULL,NULL,0,0,0,'2021-11-09 21:53:19','2021-11-09 21:53:19'),(143,1,'海老コーン天むす/カラフルチキンボール/ふわふわハムたまチーズ','1　海老つけだれA(だし醤油・水各大さじ1)を耐熱容器に入れ、ラップをせずに電子レンジで加熱する。(600w30秒)焼きのりは短い方をいかして8等分に切る。\r\n2　ボウルにむき海老・コーン・天ぷら粉大さじ4を入れ、からめる。水50cc前後を加え混ぜる。\r\n3　170度の油に1/8量ずつ入れ、あげる(1分〜）たれAにさっとくぐらせ、あみをのせたバットに取り出す。\r\n4　ボウルにご飯・塩小さじ1/8を入れ切り混ぜる。ラップにご飯を1/8量のせてくぼみを作り、海老コーン天をのせ、半分見えるように三角形に握る。\r\n 　 残りも同様に作る。\r\n5　手前に交差させるように焼き海苔を巻く。盛り付ける。\r\n\r\n1　ビニール袋に鶏ひき肉・チキンボール用Bを入れてよく混ぜ、8等分する。\r\n2　ボウルにぶぶあられ40gを入れ、6を加えぶぶあられを全体にまぶす。手のひらで優しく転がし、丸く形を整える。160度の油に入れる。\r\n3　火がとおるまで揚げる。4分〜。バットに取り出し油を切る。竹串に2個ずつさす。\r\n\r\n1　卵1個は良く溶きほぐし、卵液用Cを加え、混ぜ合わせる。はんぺんは厚みを半分に切る。ロースハムは半分に切る。\r\n2　青じそは軸を除く。スライスチーズは半分に折る。はんぺん1枚の上にロースハム・青じそ・スライスチーズをのせ、残りのはんぺんで包む。\r\n3　卵焼き器にサラダ油小さじ1/2を熱してなじませ、卵液を入れる。具をのせたはんぺんを半分より奥におく。\r\n4　周囲の卵液をよせ、はんぺんを手前に返し形を整え、ラップで包み、形を落ち着かせる。4等分に切る。盛り付ける。',4,34,0,NULL,NULL,0,1,0,'2021-11-09 23:27:45','2021-11-09 23:27:45'),(144,1,'ズッキーニの焼きナムル','1　ズッキーニは厚さ2mmの輪切り。フライパンにごま油小さじ1を熱し、ズッキーニを入れ焼き色がつき、しんなりとするまで炒める。\r\n2　味付け用に、きざみにんにく小さじ1/2・塩小さじ1/8を入れ、さっと炒める。盛り付ける。',8,34,0,NULL,NULL,1,1,0,'2021-11-09 23:36:42','2021-11-09 23:36:42'),(145,1,'きのこのレモンソテー','1　椎茸4枚は石づきを除いて軸を外し、かさは厚さ8mmに切り、軸は半分にさく。しめじ80gは石づきを除き、小房に分ける。\r\n　 フライパンにごま油小さじ1を熱し上記を入れ焼く。\r\n2　焼き色がついたら裏返して焼き、全体に焼き色をつける。味付けにポン酢じょうゆ大さじ1・レモン1/2個分(塩少々でこすり洗いしたものを、厚さ2~3mmのいちょう切りに薄くスライスしたもの)を加え汁気を飛ばすように炒める。盛り付ける。',8,34,0,NULL,NULL,1,1,0,'2021-11-09 23:44:34','2021-11-09 23:44:34'),(146,1,'紅芯大根の甘酢漬け','1　紅芯大根は皮をむき厚さ2〜3mmのいちょう切りにし、塩小さじ1/8をまぶしてなじませる。10分くらい。\r\n紅芯大根の水気を絞る。調味酢小さじ4を加え、5分ほどつける。汁気をしっかりと除き、グリーンリーフとともに盛り付ける。',8,34,0,NULL,NULL,1,0,0,'2021-11-09 23:47:23','2021-11-09 23:47:23'),(147,1,'ブルーベリー大福','1　羊羹は長さを半分に切って折り、ひと塊にする。\r\n2　耐熱ボウルに白玉粉用Aを入れて混ぜ、水を少しずつ加える。。ダマが残らないように溶きのばす。ブルーベリージャム小さじ4を加え混ぜる。\r\n3　ラップをふんわりとかけ、電子レンジで加熱する。600w1分〜。一部ぷくっと半透明の餅状になったら全体を混ぜる。\r\n4　再度ラップをふんわりとかけ、電子レンジで加熱する。600w1分〜。全体に透明感があり、均一なもち状になったら、全体を混ぜる。\r\n5　バットに大さじ1の半量の片栗粉をふるい4を移す。残りの片栗粉をふるい、触れる温度になったら均一な厚みになるよう広げ、(12cm×10cm)、粗熱を取り4等分にする。\r\n6　5を軽く広げ、中央に羊羹をのせて丸く包む。クッキングシートで包み盛り付ける。',6,34,0,NULL,NULL,0,0,0,'2021-11-09 23:53:38','2021-11-09 23:53:38'),(148,1,'フレッシュポルチーニのクリームパスタ','1　にんにく8gは皮・芯を除き、つぶす。ベーコンは幅1cmに切る。\r\n2　玉ねぎは根元を除き、繊維に沿った薄切り。\r\n3　スパゲティはアルデンテに茹でる。茹で湯は塩大さじ1を入れる。\r\n4　フライパンににんにく・オリーブオイル小さじ1を熱し、(弱火)、香りがしてきたらベーコン・玉ねぎ・バター8gを加えて炒める。\r\n5　玉ねぎが色付いてきたら、ボルチーニ茸を加え、しっかり炒める。強火５分。\r\n6　牛乳120ccを少しずつ加え、旨みをこそげ落とすように軽く煮詰める。\r\n7　ソース具材Aを加え、ひと煮立ちさせる。\r\n8　水気を切ったスパゲティを加え、ソースをからめるように合わせ、塩少々で味をととのえる。\r\n9　器に盛り付ける。',4,35,0,NULL,NULL,0,1,0,'2021-11-10 00:17:51','2021-11-10 00:17:51'),(149,1,'ぶどうとレモンのサラダ','1　ぶどうは皮付きのまま洗い、繊維に逆らった薄切り。あればタネを除く。レモンは塩少々でこすり洗いし、果汁をしぼる。大さじ1位。\r\n2　ボウルにぶどう・はちみつ小さじ2を入れてマリネを作る。葡萄から水分が出てきたら、レモンの果汁大さじ1位・塩小さじ1/4・黒こしょう少々を加えて混ぜる。\r\n3　皿にグリーンリーフ・ルッコラを盛り付け、2をかける。',3,35,0,NULL,NULL,0,0,0,'2021-11-10 00:25:12','2021-11-10 00:25:12'),(150,1,'鶏肉のトマト煮込み','1　鶏もも肉は余分な水気・脂肪を除き、塩小さじ1/4・黒こしょう少々で下味をつける。にんにくは皮・芯を除き、つぶす。\r\n2　スライスチーズは角を折り、並べて加熱し、油が抜けてくるまで焼く。沸騰して穴が開き、油がにじんできたら寄せながら丸く形をととのえる。\r\n3　触ってもよれなくなってきたら、裏返して焼く。両面色よく焼けたら、バットに取り出す。\r\n4　フライパンににんにく・オリーブオイル小さじ1を弱火で加熱。香りがしてきたら皮面から鶏肉を加え、中火で両面焼き色がつくまで焼く。\r\n5　カットトマト400g・塩小さじ1/8・黒こしょう少々を加え、皮面を上にして中火5分〜煮る。\r\n6　皿に鶏肉のトマト煮込み・チーズガレット・サワークリーム(4人で60g)を盛り付ける。イタリアンパセリを飾り、エキストラバージンオリーブオイル(1人小さじ1/2)をかける。',5,35,0,NULL,NULL,0,0,0,'2021-11-10 00:31:54','2021-11-10 00:31:54'),(151,1,'さつま芋のモンブラン','1　さつま芋は皮付きのままよく洗い、厚さ7〜8mmの輪切りを4枚とり(土台用)、残りは皮を厚めに向き、\r\n　　輪切り(芋クリーム用)・水にさらし水気を切る。\r\n2　鍋に湯を張り(ざるが浸からない程度)沸騰させる。火を止めクッキングシートを敷いたザルを入れ、\r\n　  さつま芋を並べてフタをし、強火で蒸す。火通りを確認し取り出す。\r\n3　皮付きの4枚はボウルに入れ、ラム酒小さじ1・砂糖小さじ2を振りかける。土台用です。残りのさつま芋は温かいうちに裏漉し。\r\n4　裏ごししたさつま芋に砂糖小さじ2~4を加え、均一に混ぜる。完全に冷めたら冷たい生クリーム(芋クリーム用)40gを3〜4回に分けて入れ、均一に混ぜる。絞り袋に入れる。\r\n5　皿にさつま芋を1枚のせ、＊ホイップクリームを1/4量のせる。しぼり袋の先を5〜7mm切る。\r\n6　5の上に絞る。ココアパウダー(4人で小さじ1/2)をふるう。\r\n\r\n＊　ホイップクリームの準備 : 生クリーム(土台用)40gは、砂糖小さじ1/2を加え、8分立てにしておく。',6,35,0,NULL,NULL,0,1,0,'2021-11-10 00:41:25','2021-11-10 00:41:25'),(152,1,'サクサクとろーり五目おこげ','1 ボイルほたて・むき海老は塩・白こしょう各少々で下味をつける。豚バラ薄切り肉は幅4cmに切り、塩・白こしょう各少々で下味をつける。\r\n2 赤・黄パプリカはヘタ種を除き、乱切りに(1人各2切れ)。チンゲン菜1株(100g位)は根元を除き、茎は2×4cm位、葉はザク切りにし、茎葉に分ける。\r\n3 鍋にサラダ油小さじ1を熱し、ボイルほたて・むき海老を入れ焼く。焼けたものからバットに取り出す。\r\n4 同じ鍋にサラダ油小さじ1を足し、豚肉・きざみしょうが小さじ2を入れ、色が変わるまで炒める。(強火)\r\n5 赤・黄パプリカ・青梗菜の茎・きくらげ4gを加え、全体に油がなじむまで炒める。合わせ調味料aを加えひと煮立ちさせる。\r\n6 チンゲン菜の葉・3を加え、もうひと煮立ちさせる。\r\n7 水溶き片栗粉(片栗粉小さじ4を水小さじ8で溶く)を加えて混ぜ、とろみをつける。火を止めごま油小さじ1を加え、一混ぜする。\r\n8 おこげを割る。200度の油におこげをいれ揚げる。(30秒~ 1度に6枚まで。)バットに取り出し油を切る。\r\n9 器に7を分け入れる。お好みで酢をかける。1人小さじ1/2。別の器におこげを盛り付ける。\r\n\r\n\r\n\r\n＊乾燥おこげ : 4枚(14 × 5cm・140g位)',4,36,0,NULL,NULL,0,0,0,'2021-11-10 01:26:37','2021-11-10 01:26:37'),(153,1,'海老チリ春巻き','1 むき海老は背ワタがあれば除いて洗い、水気を除く。塩・白胡椒各少々で下味をつける。耐熱皿に味付け用aを入れ混ぜる。\r\n2 むき海老を加えて混ぜ、ラップをふんわりとかけ、電子レンジで加熱する。(600w 2分30秒~)。取り出し全体を混ぜる。バットに取り出し広げて冷ます。\r\n3 卵はよく解きほぐし、塩少々を加えて混ぜる。フライパンにサラダ油小さじ1を熱し卵を入れて混ぜながら加熱し、裏返して全体に火を通す。バットに取り出し広げて冷ます。\r\n4 皮のざらざらしている面(裏)を上にして、斜めに置く。中央よりやや手前に、2・3を横長に載せる。手前の皮を折り、縁全体に＊のりを手早く塗る。左右の皮を折り畳む。(長さ12cm位)。\r\n5 空気が入らないようにして巻いていく。巻き終わりを下にしておく(乾燥しないようにラップをかける)。170~180度の油に巻き終わりを下にして入れ、きつね色になるまで揚げる。2分~\r\n6 バットに取り出し、立てかけるようにして油を切る。皿に盛り付ける。\r\n\r\n\r\n＊ のり : 薄力粉小さじ2と水こさじ1~を混ぜてのりを作っておく。',9,36,0,NULL,NULL,0,0,0,'2021-11-10 01:41:43','2021-11-10 01:41:43'),(154,1,'わかめとザーサイの和え物','1 きゅうりは厚さ5mmの輪切り。ボウルに入れて塩小さじ1/8をし、10分くらい全体になじませる。水分が出てきたら、手で揉み水気を絞る。\r\n2 わかめは水で戻し(5分位・戻し時間はパッケージ参照)、水気を切る。味付きザーサイは千切り。\r\n3 ボウルにきゅうり・わかめ・ザーサイを入れ、ごま油小さじ1を加えてよく和える。皿に盛り付ける。',8,36,0,NULL,NULL,1,0,1,'2021-11-10 01:47:54','2021-11-10 01:47:54'),(155,1,'レモンティーゼリー','1 レモンは塩少々でこすり洗いし、薄めのいちょう切り。カップに入れ、はちみつ小さじ2を加えてマリネする。10分位~\r\n2 粉ゼラチン小さじ2は、50~60度の湯40ccに振り入れ溶かす。\r\n3 ボウルにストレートティー160cc・はちみつ小さじ4を入れ良く溶かす。\r\n4 溶かしたゼラチンを加え、よく混ぜる。\r\n5 器に分け入れ、冷蔵庫で冷やし固める。\r\n6 最後に5に1をかける。',6,36,0,NULL,NULL,0,1,0,'2021-11-10 01:54:54','2021-11-10 01:54:54'),(156,1,'デミグラス煮込みチーズハンバーグ','1 玉ねぎ(ハンバーグ用)160gは根元を除き、ザク切りにし、チョッパーで細かいみじん切り。玉ねぎ80g(ソース用)は根元を除き繊維に沿った薄切り。\r\n2 しめじは石づきを除き、小房に分ける。まいたけは根元を除き、小房に分ける。ボウルに合い挽き肉・合わせ調味料aを入れ、粘りが出るまでよくこねる。\r\n3 玉ねぎ・湿らせたパン粉(パン粉大さじ4に甘酒40ccを加え湿らせておく)・卵を加え、均一になるまでさらにこねる。4等分にして空気抜きをし、直径12cmくらいの小判形に整え、中央を少し凹ませる。\r\n4 フライパンにサラダ油小さじ1を熱し、ハンバーグを入れ、両面を焼き固める(強火)。火を止め酒大さじ2を加えてアルコール分を飛ばしながら、鍋底をこそげ落とす。\r\n5 別の鍋にサラダ油小さじ1を熱し、ソース用玉ねぎを入れ、しんなりとするまで炒める。しめじ・まいたけを加えてさっと炒める。\r\n6 味付け用bを加えて混ぜ加熱する。(中火)。4に加え、蓋をし加熱(沸騰後弱火 10分~)\r\n7 蓋を取り、ソースにとろみがつくまで煮詰める。(中~強火)。味見をして、塩こしょう各少々で味を整え、火を止める。\r\n8 ハンバーグにスライスチーズをのせる。蓋をして余熱で溶かす。器に盛り付けパセリを振る。',5,37,0,NULL,NULL,0,1,0,'2021-11-10 02:15:47','2021-11-10 02:15:47'),(157,1,'かぼちゃのみそ汁','1 かぼちゃは種・ワタを除き、1.5cm角に切る。鍋に水480~530cc・しょうゆこうじ小さじ2・かぼちゃを入れカボチャが柔らかくなるまで加熱する。(沸騰後弱火5分~)。\r\n2 火が通ったら、火を弱めみそを溶き入れる。椀に注ぎ入れる。',2,37,0,NULL,NULL,0,0,1,'2021-11-10 02:38:24','2021-11-10 02:38:24'),(158,1,'りんごと春菊のサラダ','グリーンリーフは食べやすい大きさにちぎり、水にさらし、水気を切る。春菊は茎から葉を外し、長ければ食べやすい長さに切り、水にさらし、水気を切る。\r\n2 りんごは塩少々でこすり洗いし、皮付きのまま芯を除き、厚さ7~8mmのいちょう切り。水にさっとさらし、水気を切る。\r\n3 ボウルにドレッシング(キューピーレモンドレッシング)小さじ4・ゆずこしょう小さじ1/2を入れ混ぜる。グリーンリーフ・春菊・りんごを加え、和える。\r\n4 皿に彩りよく盛り付ける。',3,37,0,NULL,NULL,0,0,1,'2021-11-10 02:46:09','2021-11-10 02:46:09'),(159,1,'カスタードアップルパイ','1 冷凍パイシートは使用する5分くらい前に室温に戻し、フォークで数カ所穴を開け4等分に切る。\r\n2 りんごは塩少々でこすり洗いし、4等分のくし形切りにして皮付きのまま芯を除く。繊維にそってさらに3~4等分の薄切り。\r\n3 ボウルにカスタードクリームパウダー小さじ4・甘酒大さじ2を入れ混ぜる。\r\n4 クッキングシートを敷いた天板にのせ、冷凍パイシートの左右7mmくらい内側に3を乗せ広げる。\r\n5 りんごを斜めにバランスよく重ねて並べる。オーブンで焼く。(電気230度15分~・ガス220度15分~)\r\n6 粗熱を取る。りんごジャムのこしを切り、りんごの表面に塗る。皿に盛り付ける。',6,37,0,NULL,NULL,0,0,0,'2021-11-10 02:58:58','2021-11-10 02:58:58'),(160,1,'チキンとかぼちゃのガーリッククリームシチュー~シュクメルリ~','1 鶏ももは余分な水気・脂肪を除き、一口大に切り、塩小さじ1/4・黒こしょう少々で下味をつける、(1人4切れ)。にんにくは皮・芯を除き潰す。\r\n2 カボチャは種・ワタを除き、4cm角くらいに切る。片栗粉小さじ2・水小さじ4は合わせる。(水溶き片栗粉)\r\n3 鍋ににんにく・サラダ油小さじ1を入れ加熱する。(弱火)。香りがしてきたら火を強め、鶏肉を皮面を下にして加え焼く。香ばしい焼き色がついたら、脂を除き、裏返して肉の面も焼く。\r\n4 や黄色がついてきたらかぼちゃも加え、炒め合わせる。余分な脂を除き、火を止め酒を加えて、アルコール分を飛ばし蓋をして火を弱め、蒸し焼きにする。5分~。\r\n5 かぼちゃに火が通ったら、牛乳320cc・コンソメ小さじ1を加え弱火で煮る。沸々と沸騰してきたら味見をし、塩小さじ1/8・黒こしょう少々で味を整える。\r\n6 水溶き片栗粉(片栗粉小さじ2＋水小さじ4)を加え、全て入った火を強め、粉に火を通す。30秒~。皿に彩り良く盛り付けパセリをふる。',2,38,0,NULL,NULL,0,0,0,'2021-11-10 03:14:36','2021-11-10 03:14:36'),(161,1,'とろーり卵のチーズブレッド~ハチャプリ~ハロウィンサラダ','1 耐熱容器にイカ墨ソース60g・片栗粉小さじ1/2を入れよく混ぜ合わせ電子レンジで加熱する。(600w 1分~・ソース)ボウルに強力粉を計量し他の材料aを入れる。\r\n2 ボウルの中のイーストめがけて牛乳180ccを加え、しっかりと全体を混ぜる。全体がひとかたまりになってきたら、サラダ油大さじ1を加え、粉っぽさがなくなるまで混ぜる。水分が足りない場合は適宜水を加える。小さじ1前後。\r\n3 台の上に取り出しムラがなくなるまでこね、丸めてボウルに入れ、ラップをかける。大きめのボウルに42~43度の湯を張り、浮かべてラップをし、ふきんをかけて発酵させる。30分~。\r\n4 1.5~2倍近くまで大きくなったら、台の上に取り出して4分割し、軽く丸め直す。打ち粉(強力粉小さじ2)を全体にまぶし、閉じ目を上にし12cmくらいの円形にのばす。\r\n5 中心に向かった上下から数回生地を折り、両端の3~4cmをしっかりと閉じる。ソースをのせる部分を3~4cmひろげ、クッキングシートを敷いた天板にのせる。\r\n6 広げた部分にソースを広げる。ラップをかけて発酵させる。オーブン発酵40度15分~。\r\n7 室温に取り出し、そのまま室温発酵。オーブン予熱。電気230度12~15分。ガス220度8~10分。ピザ用チーズを1/4 量ずつのせる。\r\n8 オーブンで焼く。(電気230度12~15分。ガス220度8~10分)。残り2分で取り出し、溶けたチーズの上に卵黄をのせる。もう一度オーブンで焼き皿に盛り付ける。\r\n\r\n9 ムースフィルムのシールをはがし、つなげる。かぼちゃは種・ワタを除き薄切り。(1人2枚)\r\n10 フライパンにサラダ油小さじ1を熱し、かぼちゃを並べて焼く。焼けたものから取り出し粗熱を取る。\r\n11 スライスチーズは半分に切り、ムースフィルムを使って、お好みの形に切り抜く。竹串を使い、ソース（イカ墨の)で目・鼻・口を描く。\r\n12 皿にグリーンリーフ・トレビス・かぼちゃ・チーズおばけを彩りよく盛り付け。ドレッシングをかける(1人小さじ1)。',9,38,2,NULL,NULL,0,0,0,'2021-11-10 03:43:33','2021-11-10 03:43:33'),(162,1,'ウフアラネージュ','1 器に少々の水を入れ、全体をぬらす。ボウルに卵白を入れ(4個分)泡立てる。\r\n2 少し泡立ってきたら、砂糖を2~3回に分けて加え、しっかりと角が立つくらいまで泡立てる。4等分にする。\r\n3 器に入れゴムベラでしっかりと押さえつける。1人ずつ電子レンジで加熱する。600w15~25秒。\r\n4 器のふちからはみ出るくらいに盛り上がってきたら、皿に取り出し粗熱を取る。\r\n5 鍋にラズベリージャム60g・水40ccを入れて加熱し、軽く煮詰める。とろみがついてきたら粗熱を取る。\r\n6 メレンゲの上に5・チョコレートシロップをかける。(4人で20g)。',6,38,0,NULL,NULL,0,0,0,'2021-11-10 03:51:04','2021-11-10 03:51:04'),(163,1,'特製カレー','適当',5,54,1,'yexsd3F6aNub9PYXnNAIrbeAj2QBzCyHI6DPeLlM.jpg','JiaBxLyQQqpqh4oc2ZrM9ZVm4gcIChboH9eWUjQ9.jpg',1,1,1,'2021-11-19 05:44:04','2021-11-21 01:56:44');
/*!40000 ALTER TABLE `recipes` ENABLE KEYS */;
UNLOCK TABLES;

--
-- Table structure for table `seasonings`
--

DROP TABLE IF EXISTS `seasonings`;
/*!40101 SET @saved_cs_client     = @@character_set_client */;
/*!40101 SET character_set_client = utf8 */;
CREATE TABLE `seasonings` (
  `id` bigint(20) unsigned NOT NULL AUTO_INCREMENT,
  `name` varchar(255) COLLATE utf8mb4_unicode_ci NOT NULL,
  `recipe_id` bigint(20) NOT NULL,
  `body` varchar(255) COLLATE utf8mb4_unicode_ci NOT NULL,
  `created_at` timestamp NULL DEFAULT NULL,
  `updated_at` timestamp NULL DEFAULT NULL,
  PRIMARY KEY (`id`)
) ENGINE=InnoDB AUTO_INCREMENT=156 DEFAULT CHARSET=utf8mb4 COLLATE=utf8mb4_unicode_ci;
/*!40101 SET character_set_client = @saved_cs_client */;

--
-- Dumping data for table `seasonings`
--

LOCK TABLES `seasonings` WRITE;
/*!40000 ALTER TABLE `seasonings` DISABLE KEYS */;
INSERT INTO `seasonings` VALUES (1,'豚肉下味用',1,'醤油小さじ2・酒小さじ2・市販きざみしょうが小さじ1・片栗粉小さじ4','2021-11-04 01:18:44','2021-11-04 01:18:44'),(2,'あん',1,'黒酢100cc・水40cc・フロストシュガー大さじ4・醤油酒各小さじ4・片栗粉小さじ2・塩小さじ1/8','2021-11-04 01:18:44','2021-11-04 01:18:44'),(3,'立て塩',2,'水500cc・塩大さじ1','2021-11-04 01:28:57','2021-11-04 01:28:57'),(4,'味付け',2,'白だし小さじ1・市販のきざみしょうが小さじ1','2021-11-04 01:28:57','2021-11-04 01:28:57'),(5,'味付け用',3,'水400cc・鶏ガラスープの素小さじ2・酒小さじ2・片栗粉小さじ1・塩小さじ1/8・白こしょう少々','2021-11-04 01:35:16','2021-11-04 01:35:16'),(6,'シロップ用',4,'湯40cc・フロストシュガー小さじ2・クコの実12粒','2021-11-04 02:01:02','2021-11-04 02:01:02'),(7,'鶏肉下味用',5,'塩小さじ1/2・黒こしょう少々・マヨネーズ大さじ4・','2021-11-04 07:08:51','2021-11-04 07:08:51'),(8,'加熱時使用',5,'サラダ油小さじ2・市販おろしにんにく・市販おろししょうが・クミンシード各小さじ2・ローリエ1枚','2021-11-04 07:08:51','2021-11-04 07:08:51'),(9,'調味料A',5,'カットトマト400g・水300cc・コンソメ小さじ4・砂糖大さじ2','2021-11-04 07:08:51','2021-11-04 07:08:51'),(10,'調味料B',5,'クミンパウダー・ガラムマサラ・カレー粉各小さじ1・レッドペッパーお好みで小さじ1/4前後','2021-11-04 07:08:51','2021-11-04 07:08:51'),(11,'調味料C',6,'プレーンヨーグルト200g・コンソメ・砂糖各小さじ1','2021-11-04 07:26:35','2021-11-04 07:26:35'),(12,'調味料D',6,'クミンパウダー・ガラムマサラ・カレー粉各小さじ1・レッドペッパーお好みで小さじ1/4','2021-11-04 07:26:35','2021-11-04 07:26:35'),(13,'生地用A',7,'薄力粉180g・・ベーキングパウダー小さじ1/2・砂糖大さじ2・塩小さじ1/4','2021-11-04 07:52:53','2021-11-04 07:52:53'),(14,'仕込み水A',7,'42~43°C水80cc・インスタントドライイースト小さじ2/1・','2021-11-04 07:52:53','2021-11-04 07:52:53'),(15,'仕込み水B',7,'42~43°C水小さじ2前後・','2021-11-04 07:52:53','2021-11-04 07:52:53'),(16,'ニョッキ用材料N',9,'強力粉100g・粉チーズ20g・塩小さじ1/4','2021-11-04 09:27:41','2021-11-04 09:27:41'),(17,'チーズソースA',9,'粉チーズ小さじ4・塩小さじ1/8','2021-11-04 09:27:41','2021-11-04 09:27:41'),(18,'鶏肉漬け込み用A',10,'醤油小さじ4・チリパウダー・酒・酢・みりん各小さじ2・コンソメ顆粒小さじ1・市販おろししょうが・市販おろしにんにく各小さじ1/2・黒こしょう少々','2021-11-04 09:37:21','2021-11-04 09:37:21'),(19,'味付け用A',11,'塩小さじ1/8・黒こしょう少々・マヨネーズ小さじ4・砂糖小さじ1','2021-11-04 09:51:08','2021-11-04 09:51:08'),(20,'合わせ調味料',13,'みそ(液体)・みりん各大さじ2・きざみしょうが小さじ4・片栗粉小さじ1/2','2021-11-04 11:02:48','2021-11-04 11:02:48'),(21,'炒め用A',14,'みりん小さじ2・白だし小さじ1','2021-11-04 12:07:37','2021-11-04 12:07:37'),(22,'ドレッシング',14,'キューピー深煎りごまゆずテイストドレッシング','2021-11-04 12:07:37','2021-11-04 12:07:37'),(23,'卵味付けA',17,'塩小さじ1/8・黒こしょう小さじ1/2・生クリーム80g','2021-11-04 12:57:16','2021-11-04 12:57:16'),(24,'味付けB',17,'1人分; 豆板醤小さじ1/2・粉チーズ小さじ2','2021-11-04 12:57:16','2021-11-04 12:57:16'),(25,'ペーストC',17,'きざみにんにく小さじ2・トマトペースト大さじ1','2021-11-04 12:57:16','2021-11-04 12:57:16'),(26,'盛り付け用',17,'1人分; 温泉卵1個・粉チーズ小さじ1/2・黒こしょう少々','2021-11-04 12:57:16','2021-11-04 12:57:16'),(27,'鶏肉下味用',18,'塩小さじ1/4・黒こしょう少々','2021-11-04 13:04:10','2021-11-04 13:04:10'),(28,'マスタードソース用',18,'粒マスタード大さじ2・砂糖小さじ2・醤油小さじ1','2021-11-04 13:04:10','2021-11-04 13:04:10'),(29,'生地用',21,'薄力粉・アーモンドパウダー各小さじ4','2021-11-04 13:39:25','2021-11-04 13:39:25'),(30,'肉下味用',22,'砂糖・塩各小さじ1/2・黒こしょう少々(多め)','2021-11-04 13:51:20','2021-11-04 13:51:20'),(31,'ソースA',22,'しょうゆこうじ・水各小さじ4・黒こしょう少々','2021-11-04 13:51:20','2021-11-04 13:51:20'),(32,'スープ素A',23,'カットトマト240g・水400cc・ローリエ1枚・コンソメ・砂糖・ウスターソース各小さじ2','2021-11-04 14:50:33','2021-11-04 14:50:33'),(33,'ムース素A',25,'プレーンヨーグルト80g・サワークリーム40g・砂糖小さじ4','2021-11-04 15:15:30','2021-11-04 15:15:30'),(34,'味付け調味料A',26,'きび砂糖小さじ8・みりん大さじ1・しょうゆ小さじ1/4','2021-11-04 22:44:50','2021-11-04 22:44:50'),(35,'調味料A',27,'みそ・きび砂糖・しょうゆ・酒各小さじ2・きざみしょうが・きざみにんにく各小さじ1','2021-11-04 22:54:58','2021-11-04 22:54:58'),(36,'立て塩',28,'(水500cc・塩大さじ1) × 2回','2021-11-04 23:01:00','2021-11-04 23:01:00'),(37,'味付け用A',29,'調味酢小さじ2・ゆずこしょう小さじ1/4','2021-11-04 23:06:21','2021-11-04 23:06:21'),(38,'調味料A',31,'水480cc~520cc・和風だしの素小さじ1','2021-11-04 23:18:55','2021-11-04 23:18:55'),(39,'調味料B',31,'酒小さじ2・しょうゆ小さじ1/2・塩小さじ1/8','2021-11-04 23:18:55','2021-11-04 23:18:55'),(40,'調味料A',32,'生クリーム120g・塩小さじ1/8・ハーブ&スパイスミックス調味料小さじ1前後','2021-11-05 06:05:32','2021-11-05 06:05:32'),(41,'ドレッシングA',33,'1人分; トリュフオイル小さじ2・岩塩・黒こしょう各少々','2021-11-05 06:15:07','2021-11-05 06:15:07'),(42,'スープ素A',34,'水360~400cc・コンソメ小さじ1・塩小さじ1/4・黒こしょう少々・ローリエ1枚','2021-11-05 06:27:21','2021-11-05 06:27:21'),(43,'調味料A',36,'市販のおろしにんにく少々・塩少々・パセリ少々','2021-11-05 06:55:55','2021-11-05 06:55:55'),(44,'ソース用B',36,'レモン果汁1/8個分・しょうゆ・みりん各小さじ1・酒小さじ1/2・おろしにんにく・黒こしょう少々','2021-11-05 06:55:55','2021-11-05 06:55:55'),(45,'スープ素A',37,'水40cc・牛乳60cc・粉チーズ小さじ1/2・コンソメ小さじ1/4・黒こしょう少々','2021-11-05 07:04:03','2021-11-05 07:04:03'),(46,'万能だれ',42,'オイスターソース大さじ2・酒小さじ2・市販のきざみしょうが小さじ4・市販のきざみにんにく小さじ2','2021-11-05 10:06:25','2021-11-05 10:06:25'),(47,'わかめ衣A',42,'万能だれ小さじ2・薄力粉大さじ2・片栗粉大さじ1・水小さじ4','2021-11-05 10:06:25','2021-11-05 10:06:25'),(48,'スープA',47,'水600~640cc・コンソメ小さじ2・サフラン24本','2021-11-05 10:55:39','2021-11-05 10:55:39'),(49,'ドレッシング用材料A',48,'酢小さじ2・粒マスタード小さじ1・エキストラバージンオリーブオイル小さじ2','2021-11-05 11:04:32','2021-11-05 11:04:32'),(50,'塩キャラメルクリームA',49,'カスタードクリームパウダー小さじ8・牛乳60cc・生クリーム小さじ4・キャラメルシロップ小さじ1・岩塩少々','2021-11-05 11:21:54','2021-11-05 11:21:54'),(51,'ソースA',50,'カットトマト400g・水80cc・コンソメ・砂糖各小さじ1','2021-11-06 02:17:02','2021-11-06 02:17:02'),(52,'スープ素A',51,'水520~560cc・コンソメ顆粒小さじ2','2021-11-06 02:23:01','2021-11-06 02:23:01'),(53,'チョコレートクリーム材料',53,'チョコレートシロップ小さじ1・生クリーム40g','2021-11-06 02:33:49','2021-11-06 02:33:49'),(54,'合わせ調味料A',54,'しょうゆ・みりん各大さじ1・トマトケチャップ・砂糖各小さじ2・コチュジャン小さじ1・市販のおろしにんにく小さじ1/2','2021-11-06 05:20:47','2021-11-06 05:20:47'),(55,'水A',55,'水120cc・鶏ガラスープの素小さじ1/4','2021-11-06 05:32:11','2021-11-06 05:32:11'),(56,'生地用A',57,'薄力粉60g・アーモンドパウダー20g・ベーキングパウダー小さじ1/2','2021-11-06 05:45:32','2021-11-06 05:45:32'),(57,'湿らせたパン粉A',58,'パン粉大さじ8・牛乳大さじ4','2021-11-06 06:24:01','2021-11-06 06:24:01'),(58,'ハンバーグソースB',58,'水160cc・コンソメ小さじ1/2・砂糖・しょうゆ各小さじ2・塩・黒こしょう各少々','2021-11-06 06:24:01','2021-11-06 06:24:01'),(59,'水溶き片栗粉C',58,'片栗粉小さじ1・水小さじ2','2021-11-06 06:24:01','2021-11-06 06:24:01'),(60,'コーヒー液①',62,'①インスタントコーヒー小さじ1・水小さじ2','2021-11-06 06:50:34','2021-11-06 06:50:34'),(61,'コーヒー液②',62,'②インスタントコーヒー小さじ1・水小さじ4','2021-11-06 06:50:34','2021-11-06 06:50:34'),(62,'生地A',62,'牛乳100cc・生クリーム40g・砂糖大さじ2','2021-11-06 06:50:34','2021-11-06 06:50:34'),(63,'衣用材料A',63,'卵1個・片栗粉大さじ4・水小さじ2・サラダ油小さじ1','2021-11-06 10:11:33','2021-11-06 10:11:33'),(64,'南蛮酢B',63,'酢40cc・しょうゆ・砂糖各大さじ2・赤唐辛子8切れ','2021-11-06 10:11:33','2021-11-06 10:11:33'),(65,'茹で卵用C',63,'水60cc・酢小さじ1・塩小さじ1/8','2021-11-06 10:11:33','2021-11-06 10:11:33'),(69,'塩水A',66,'水500cc・塩小さじ1','2021-11-06 10:26:27','2021-11-06 10:26:27'),(70,'ホイップクリーム用A',67,'カスタードクリームパウダー大さじ2・砂糖小さじ4・抹茶小さじ1','2021-11-06 10:39:50','2021-11-06 10:39:50'),(71,'ご飯用材料A',68,'米160cc・水160cc・塩少々','2021-11-06 15:28:08','2021-11-06 15:28:08'),(72,'調味液A(ボウル1つ分) × 2',69,'トマトジュース80cc・水・砂糖各小さじ4・トマトケチャップ・調味酢各小さじ2・しょうゆ・片栗粉各小さじ1','2021-11-06 15:38:56','2021-11-06 15:38:56'),(73,'立て塩A',70,'(水500cc・塩大さじ2) × 2回分','2021-11-06 15:46:54','2021-11-06 15:46:54'),(74,'クリーム材料A',75,'煉うに20g・生クリーム60g','2021-11-06 16:22:27','2021-11-06 16:22:27'),(75,'スープ用材料B',75,'水160~180cc・トマトジュース200cc・コンソメ小さじ1/2・ローリエ1枚・砂糖小さじ1・塩小さじ1/8・黒こしょう少々','2021-11-06 16:22:27','2021-11-06 16:22:27'),(76,'味付け用A',76,'マヨネーズ小さじ8・粉チーズ小さじ4・塩小さじ1/8・黒こしょう・ナツメグ各少々・牛乳20cc','2021-11-06 17:22:20','2021-11-06 17:22:20'),(77,'パンたね材料A',77,'インスタントドライイースト小さじ1・砂糖大さじ2・塩小さじ1・仕込み水160cc・強力粉160g・薄力粉120g','2021-11-06 17:33:26','2021-11-06 17:33:26'),(78,'生地A',78,'生クリーム60g・牛乳140cc・砂糖小さじ4','2021-11-06 17:39:30','2021-11-06 17:39:30'),(79,'ソースA',79,'デミグラスソース1缶・水280cc・ウスターソース・はちみつ各小さじ2・トマトケチャップ・コンソメ各小さじ1・ローリエ1枚','2021-11-06 18:06:18','2021-11-06 18:06:18'),(80,'トマトライスB',79,'米240cc・トマトソース120cc・水160cc・コンソメ小さじ1・塩小さじ1/4・黒こしょう少々','2021-11-06 18:06:18','2021-11-06 18:06:18'),(81,'味付けC',79,'(牛乳大さじ1・塩黒こしょう各少々) × 4人分','2021-11-06 18:06:18','2021-11-06 18:06:18'),(82,'いちごシュガーA',81,'粉糖小さじ2・いちごフリーズドライパウダー小さじ1/4・(1人分)','2021-11-07 14:51:04','2021-11-07 14:51:04'),(83,'テンメジャン具材A',82,'サラダ油小さじ4・白ねぎ20g・豆板醤大さじ1・豆豉小さじ2・青花椒塩小さじ2・市販きざみにんにく・きざみしょうが各小さじ2','2021-11-07 15:08:08','2021-11-07 15:08:08'),(84,'合わせ調味液B',82,'テンメジャン32g・砂糖・しょうゆ各小さじ2・酒・鶏ガラスープの素各小さじ1・水200cc','2021-11-07 15:08:08','2021-11-07 15:08:08'),(85,'準備A',83,'テンメジャン16g・しょうゆ・酒・酢・砂糖各小さじ2・ごま油・市販の刻みしょうが・市販のきざみにんにく各小さじ1・青花椒塩小さじ1/2・','2021-11-07 16:00:37','2021-11-07 16:00:37'),(86,'白ねぎ用B湯',83,'熱湯1L・酒大さじ1','2021-11-07 16:00:37','2021-11-07 16:00:37'),(87,'卵用A',84,'きざみしょうが小さじ1/2・塩小さじ1/8','2021-11-07 16:07:55','2021-11-07 16:07:55'),(88,'シロップA',85,'湯40cc・砂糖小さじ2','2021-11-07 16:15:58','2021-11-07 16:15:58'),(89,'マリネ用A',86,'オリーブオイル・はちみつ各小さじ2','2021-11-07 16:35:13','2021-11-07 16:35:13'),(90,'ソース用味付けB',86,'カットトマト200g・ウスターソース・チリパウダー各小さじ2','2021-11-07 16:35:13','2021-11-07 16:35:13'),(91,'スープ用B',87,'コンソメ小さじ1・塩小さじ1/4・黒こしょう少々','2021-11-07 16:51:55','2021-11-07 16:51:55'),(92,'レモングリーンソースA',91,'レモンの果汁小さじ2・コンソメ小さじ1/4・オリーブオイル小さじ4','2021-11-08 02:35:10','2021-11-08 02:35:10'),(93,'味付けB',91,'水40cc・コンソメ小さじ1/4','2021-11-08 02:35:10','2021-11-08 02:35:10'),(94,'合わせ調味料A',92,'しょうゆ小さじ2・はちみつ小さじ1・塩小さじ1/4・黒こしょう少々','2021-11-08 02:47:31','2021-11-08 02:47:31'),(95,'米',92,'4人分で、米240cc・水240cc','2021-11-08 02:47:31','2021-11-08 02:47:31'),(96,'合わせ調味料A',93,'しょうゆ小さじ2・はちみつ小さじ1・塩小さじ1/4・黒こしょう少々','2021-11-08 02:53:58','2021-11-08 02:53:58'),(97,'味付け用A',94,'マヨネーズ小さじ4・塩小さじ1/8・黒こしょう少々','2021-11-08 03:00:23','2021-11-08 03:00:23'),(98,'チーズクリームA',95,'プレーンヨーグルト40g・レモンの果汁小さじ2','2021-11-08 03:10:55','2021-11-08 03:10:55'),(99,'ソース用A',96,'トマトソース160g・調味酢小さじ2・コンソメ小さじ1/2','2021-11-08 06:33:11','2021-11-08 06:33:11'),(100,'ディル・ソースB',96,'キューピーレモンドレッシング大さじ2・エキストラバージンオリーブオイル小さじ2','2021-11-08 06:33:11','2021-11-08 06:33:11'),(101,'下味A',97,'岩塩小さじ1/4・黒こしょう少々・バジル小さじ1/2','2021-11-08 06:40:43','2021-11-08 06:40:43'),(102,'練り粉A',99,'米粉32g・片栗粉大さじ2・鶏ガラスープの素小さじ1/2・水50cc','2021-11-08 07:41:48','2021-11-08 07:41:48'),(103,'練り粉B',99,'米粉32g・片栗粉大さじ2・水50cc','2021-11-08 07:41:48','2021-11-08 07:41:48'),(104,'下味用C',99,'プレーンヨーグルト120g・鶏ガラスープの素・酒各小さじ2・おろししょうが・おろしにんにく各小さじ1','2021-11-08 07:41:48','2021-11-08 07:41:48'),(105,'ヤンニョムだれD',99,'水大さじ2・コチュジャン小さじ4・きび砂糖・酒・酢各小さじ2・おろしにんにく小さじ1/2','2021-11-08 07:41:48','2021-11-08 07:41:48'),(106,'味付け用A',100,'コチュジャン小さじ4・ごま油・しょうゆ各小さじ2・きび砂糖小さじ1','2021-11-08 07:48:26','2021-11-08 07:48:26'),(107,'マカロンA',102,'アーモンドパウダー・粉糖各40g','2021-11-08 08:08:44','2021-11-08 08:08:44'),(108,'メレンゲ用B',102,'マカロンミックス20g・水小さじ2・レモンの果汁小さじ1/2','2021-11-08 08:08:44','2021-11-08 08:08:44'),(109,'合わせ調味料A',103,'砂糖・酒・オイスターソース各こさじ2・だしじょうゆ小さじ1・片栗粉小さじ1/2','2021-11-08 08:32:08','2021-11-08 08:32:08'),(110,'麺味付け調味料B',103,'ごま油小さじ2・オイスターソース・だしじょうゆ・鶏ガラスープの素各小さじ1・黒こしょう少々','2021-11-08 08:32:08','2021-11-08 08:32:08'),(111,'調味料A',104,'酒・きざみにんにく・きざみしょうが各小さじ1・鶏ガラスープの素小さじ1/2・黒こしょう少々','2021-11-08 08:44:19','2021-11-08 08:44:19'),(112,'たまごプリン素A',105,'フロストシュガー小さじ4・バニラオイル適量','2021-11-08 08:53:49','2021-11-08 08:53:49'),(113,'調味料A→B',106,'きざみしょうが小さじ 1→ドレッシング小さじ4→片栗粉小さじ8→水小さじ2','2021-11-08 09:05:54','2021-11-08 09:05:54'),(114,'A',108,'素干し海老・ドレッシング・水各小さじ2','2021-11-08 09:22:35','2021-11-08 09:22:35'),(115,'味付けA',109,'ドレッシング小さじ4・砂糖小さじ1','2021-11-08 10:21:04','2021-11-08 10:21:04'),(116,'鶏スープ材料',111,'水680cc・ナンプラー小さじ4・鶏ガラスープの素小さじ2','2021-11-08 10:43:43','2021-11-08 10:43:43'),(117,'調味料A',111,'赤唐辛子・クミンシード・サラダ油各小さじ1','2021-11-08 10:43:43','2021-11-08 10:43:43'),(118,'調味料B',111,'おろししょうが小さじ2・おろしにんにく小さじ1・カレー粉大さじ1','2021-11-08 10:43:43','2021-11-08 10:43:43'),(119,'調味料C',111,'鶏スープ＋水680cc・ココナッツミルクパウダー小さじ8・チリパウダー大さじ1・コンソメ・バジル・パセリ各小さじ1','2021-11-08 10:43:43','2021-11-08 10:43:43'),(120,'ウイング調味料A',113,'ナンプラー・チリパウダー各小さじ2','2021-11-08 10:54:09','2021-11-08 10:54:09'),(121,'ウイング調味料B',113,'ココナッツミルクパウダー・薄力粉各小さじ2','2021-11-08 10:54:09','2021-11-08 10:54:09'),(122,'調味料A',114,'チリパウダー小さじ1/2・塩小さじ1/8・牛乳小さじ1・マヨネーズ大さじ2','2021-11-08 10:59:51','2021-11-08 10:59:51'),(123,'みそ汁の味付けA',118,'水480~520cc・塩麹小さじ1・','2021-11-08 14:31:07','2021-11-08 14:31:07'),(124,'抹茶大豆粉A',119,'抹茶小さじ1/2・大豆粉小さじ2','2021-11-08 14:43:08','2021-11-08 14:43:08'),(125,'トッピング用B',119,'抹茶大豆粉小さじ1・砂糖小さじ2','2021-11-08 14:43:08','2021-11-08 14:43:08'),(126,'わらび餅C',119,'わらび餅粉32g・砂糖小さじ8・水120cc','2021-11-08 14:43:08','2021-11-08 14:43:08'),(127,'調味料A',120,'ナンプラー・きび砂糖各小さじ1','2021-11-09 12:29:58','2021-11-09 12:29:58'),(128,'調味料A',121,'ナンプラー・きざみにんにく・きび砂糖各小さじ1・黒こしょう少々','2021-11-09 12:39:26','2021-11-09 12:39:26'),(129,'調味料A',122,'きび砂糖大さじ1・ナンプラー小さじ2・赤唐辛子こさじ1','2021-11-09 12:47:50','2021-11-09 12:47:50'),(130,'生地A',124,'強力粉100g・薄力粉20g・塩小さじ1/4・水55~65cc','2021-11-09 13:02:47','2021-11-09 13:02:47'),(131,'調味料B',124,'粉ゼラチン・ごま油各小さじ2・酒・砂糖・きざみしょうが・オイスターソース各小さじ1・鶏ガラスープの素小さじ1/2','2021-11-09 13:02:47','2021-11-09 13:02:47'),(132,'調味料A',125,'しょうゆ・酒・きざみしょうが小さじ各2','2021-11-09 13:58:53','2021-11-09 13:58:53'),(133,'調味料B',125,'青花椒塩小さじ2・サラダ油小さじ4','2021-11-09 13:58:53','2021-11-09 13:58:53'),(134,'調味料A',126,'水480~520cc・鶏ガラスープの素小さじ2・豆板醤・片栗粉各小さじ1/2・塩小さじ1/8・黒こしょう少々','2021-11-09 14:05:30','2021-11-09 14:05:30'),(135,'割り下A',128,'酒・みりん各大さじ2・だしじょうゆ小さじ8・砂糖小さじ4','2021-11-09 14:22:14','2021-11-09 14:22:14'),(136,'立て塩',132,'水500cc・塩大さじ1','2021-11-09 15:42:33','2021-11-09 15:42:33'),(137,'カレールーA',132,'チリインオイル・生クリーム各40g・ナンプラー・砂糖各小さじ2','2021-11-09 15:42:33','2021-11-09 15:42:33'),(138,'ルーB',132,'鶏ガラスープの素小さじ1/2・水60cc','2021-11-09 15:42:33','2021-11-09 15:42:33'),(139,'ピーナッツダレ',133,'ピーナッツクリーム小さじ4・マスタード・ウスターソース・市販のきざみにんにく各小さじ1味にんにく','2021-11-09 15:49:17','2021-11-09 15:49:17'),(140,'ドレッシング用A',134,'スイートチリソース・マヨネーズ各大さじ1','2021-11-09 15:54:30','2021-11-09 15:54:30'),(141,'うどん生地A',136,'(薄力粉80g・強力粉80g) × 2人分ずつで作業','2021-11-09 20:59:42','2021-11-09 20:59:42'),(142,'つゆB',136,'トマトジュース200cc・水40cc・だしじょうゆ大さじ2・ライムの果汁小さじ4前後・きざみにんにく小さじ1・黒こしょう少々','2021-11-09 20:59:42','2021-11-09 20:59:42'),(143,'サラダ下味A',137,'だしじょうゆ小さじ4・酒小さじ2・市販きざみしょうが・市販きざみにんにく各小さじ1','2021-11-09 21:23:09','2021-11-09 21:23:09'),(144,'タレの材料A',138,'水60cc・砂糖大さじ2・だしじょうゆ小さじ2・片栗粉小さじ1','2021-11-09 21:29:12','2021-11-09 21:29:12'),(145,'立て塩',139,'(水1Lに塩大さじ2) × 4　4尾分。','2021-11-09 21:40:19','2021-11-09 21:40:19'),(146,'だしA',140,'水260cc・しょうゆ(まろやか)・酒各大さじ2・みりん・砂糖各大さじ1・和風だしの素小さじ1','2021-11-09 21:47:14','2021-11-09 21:47:14'),(147,'チキンボール用B',143,'パン粉大さじ4・無調製豆乳大さじ2・マヨネーズ小さじ2・みそ・きざみしょうが各小さじ1','2021-11-09 23:27:45','2021-11-09 23:27:45'),(148,'卵液用C',143,'無調製豆乳大さじ1・砂糖小さじ2・塩少々','2021-11-09 23:27:45','2021-11-09 23:27:45'),(149,'白玉粉用A',147,'白玉粉60g・砂糖小さじ2・水60cc~','2021-11-09 23:53:38','2021-11-09 23:53:38'),(150,'ソース具材A',148,'生クリーム200g・塩小さじ1/4・黒こしょう少々','2021-11-10 00:17:51','2021-11-10 00:17:51'),(151,'合わせ調味料a',152,'水400cc・鶏ガラスープの素・砂糖・酒各小さじ2・オイスターソース小さじ1・塩小さじ1/4・白こしょう少々','2021-11-10 01:26:37','2021-11-10 01:26:37'),(152,'味付け用a',153,'トマトケチャップ・砂糖各大さじ1・酢大さじ2・酒・きざみしょうが・片栗粉各小さじ1・豆板醤・鶏ガラスープの素各小さじ1/2','2021-11-10 01:41:43','2021-11-10 01:41:43'),(153,'合わせ調味料a',156,'しょうゆこうじ小さじ4・塩小さじ1/4・黒こしょう・ナツメグ各少々','2021-11-10 02:15:47','2021-11-10 02:15:47'),(154,'味付け用b',156,'デミグラスソース240g・しょうゆこうじ小さじ2・砂糖・きざみにんにく各小さじ1','2021-11-10 02:15:47','2021-11-10 02:15:47'),(155,'材料a',161,'イースト小さじ1・砂糖大さじ1・塩小さじ1','2021-11-10 03:43:33','2021-11-10 03:43:33');
/*!40000 ALTER TABLE `seasonings` ENABLE KEYS */;
UNLOCK TABLES;

--
-- Table structure for table `tastes`
--

DROP TABLE IF EXISTS `tastes`;
/*!40101 SET @saved_cs_client     = @@character_set_client */;
/*!40101 SET character_set_client = utf8 */;
CREATE TABLE `tastes` (
  `id` bigint(20) unsigned NOT NULL AUTO_INCREMENT,
  `name` varchar(255) COLLATE utf8mb4_unicode_ci NOT NULL,
  `created_at` timestamp NULL DEFAULT NULL,
  `updated_at` timestamp NULL DEFAULT NULL,
  PRIMARY KEY (`id`)
) ENGINE=InnoDB AUTO_INCREMENT=2 DEFAULT CHARSET=utf8mb4 COLLATE=utf8mb4_unicode_ci;
/*!40101 SET character_set_client = @saved_cs_client */;

--
-- Dumping data for table `tastes`
--

LOCK TABLES `tastes` WRITE;
/*!40000 ALTER TABLE `tastes` DISABLE KEYS */;
INSERT INTO `tastes` VALUES (1,'お気に入り料理','2021-10-17 14:46:51','2021-10-17 14:46:51');
/*!40000 ALTER TABLE `tastes` ENABLE KEYS */;
UNLOCK TABLES;

--
-- Table structure for table `users`
--

DROP TABLE IF EXISTS `users`;
/*!40101 SET @saved_cs_client     = @@character_set_client */;
/*!40101 SET character_set_client = utf8 */;
CREATE TABLE `users` (
  `id` bigint(20) unsigned NOT NULL AUTO_INCREMENT,
  `name` varchar(255) COLLATE utf8mb4_unicode_ci NOT NULL,
  `email` varchar(255) COLLATE utf8mb4_unicode_ci NOT NULL,
  `email_verified_at` timestamp NULL DEFAULT NULL,
  `password` varchar(255) COLLATE utf8mb4_unicode_ci NOT NULL,
  `remember_token` varchar(100) COLLATE utf8mb4_unicode_ci DEFAULT NULL,
  `created_at` timestamp NULL DEFAULT NULL,
  `updated_at` timestamp NULL DEFAULT NULL,
  PRIMARY KEY (`id`),
  UNIQUE KEY `users_email_unique` (`email`)
) ENGINE=InnoDB AUTO_INCREMENT=2 DEFAULT CHARSET=utf8mb4 COLLATE=utf8mb4_unicode_ci;
/*!40101 SET character_set_client = @saved_cs_client */;

--
-- Dumping data for table `users`
--

LOCK TABLES `users` WRITE;
/*!40000 ALTER TABLE `users` DISABLE KEYS */;
INSERT INTO `users` VALUES (1,'mu','aaa@bbb.com',NULL,'$2y$10$3.e9wIv1mXZDJPtvGcqq3eKrcD4LOCwP/ustxwOLkEVG8Be7rrHwC','2SkwwIcxbC3TR2AHyja1vzC0vTomiMQRl9yPfn5Ebi2Hr6bMseEq2BTNXOFx','2021-11-01 17:00:05','2021-11-01 17:00:05');
/*!40000 ALTER TABLE `users` ENABLE KEYS */;
UNLOCK TABLES;
/*!40103 SET TIME_ZONE=@OLD_TIME_ZONE */;

/*!40101 SET SQL_MODE=@OLD_SQL_MODE */;
/*!40014 SET FOREIGN_KEY_CHECKS=@OLD_FOREIGN_KEY_CHECKS */;
/*!40014 SET UNIQUE_CHECKS=@OLD_UNIQUE_CHECKS */;
/*!40101 SET CHARACTER_SET_CLIENT=@OLD_CHARACTER_SET_CLIENT */;
/*!40101 SET CHARACTER_SET_RESULTS=@OLD_CHARACTER_SET_RESULTS */;
/*!40101 SET COLLATION_CONNECTION=@OLD_COLLATION_CONNECTION */;
/*!40111 SET SQL_NOTES=@OLD_SQL_NOTES */;

-- Dump completed on 2021-11-21 20:49:46
